Workbook

Sheet لوحة التحكم
A1: لوحة تحكم Cost Control - Satamoni (أكتوبر 2026)
A3: عدد الأصناف (بريسبي كامل) | B3: متوسط % تكلفة الطعام | C3: متوسط % Prime Cost | D3: عدد الأصناف فوق الهدف | E3: متوسط % هامش الربح
A4: =COUNTIFS('تحليل التكلفة والسعر'!$C$2:$C$700,">0") -> 189 | B4: =IFERROR(AVERAGEIFS('تحليل التكلفة والسعر'!$E$2:$E$700,'تحليل التكلفة والسعر'!$C$2:$C$700,">0"),"") -> 0.46717664 | C4: =IFERROR(AVERAGEIFS('تحليل التكلفة والسعر'!$K$2:$K$700,'تحليل التكلفة والسعر'!$C$2:$C$700,">0"),"") -> 0.71717664 | D4: =SUMPRODUCT((ISNUMBER('تحليل التكلفة والسعر'!$C$2:$C$700))*('تحليل التكلفة والسعر'!$C$2:$C$700>0)*(ISNUMBER('تحليل التكلفة والسعر'!$E$2:$E$700))*('تحليل التكلفة والسعر'!$E$2:$E$700>'تحليل التكلفة والسعر'!$F$2:$F$700)) -> 156 | E4: =IFERROR(AVERAGEIFS('تحليل التكلفة والسعر'!$I$2:$I$700,'تحليل التكلفة والسعر'!$C$2:$C$700,">0"),"") -> 0.53282336
A6: متوسط التكلفة حسب القسم
A7: القسم | B7: عدد الأصناف | C7: متوسط % تكلفة الطعام | D7: متوسط % Prime Cost
A8: قسم البيتزا | B8: =COUNTIF('تحليل التكلفة والسعر'!$A$2:$A$700,$A8) -> 22 | C8: =IFERROR(AVERAGEIFS('تحليل التكلفة والسعر'!$E$2:$E$700,'تحليل التكلفة والسعر'!$A$2:$A$700,$A8,'تحليل التكلفة والسعر'!$C$2:$C$700,">0"),"") -> 0.51578697 | D8: =IFERROR(AVERAGEIFS('تحليل التكلفة والسعر'!$K$2:$K$700,'تحليل التكلفة والسعر'!$A$2:$A$700,$A8,'تحليل التكلفة والسعر'!$C$2:$C$700,">0"),"") -> 0.76578697
A9: قسم الفطير الحادق | B9: =COUNTIF('تحليل التكلفة والسعر'!$A$2:$A$700,$A9) -> 23 | C9: =IFERROR(AVERAGEIFS('تحليل التكلفة والسعر'!$E$2:$E$700,'تحليل التكلفة والسعر'!$A$2:$A$700,$A9,'تحليل التكلفة والسعر'!$C$2:$C$700,">0"),"") -> 0.51352334 | D9: =IFERROR(AVERAGEIFS('تحليل التكلفة والسعر'!$K$2:$K$700,'تحليل التكلفة والسعر'!$A$2:$A$700,$A9,'تحليل التكلفة والسعر'!$C$2:$C$700,">0"),"") -> 0.76352334
A10: قسم الفطير الحلو | B10: =COUNTIF('تحليل التكلفة والسعر'!$A$2:$A$700,$A10) -> 7 | C10: =IFERROR(AVERAGEIFS('تحليل التكلفة والسعر'!$E$2:$E$700,'تحليل التكلفة والسعر'!$A$2:$A$700,$A10,'تحليل التكلفة والسعر'!$C$2:$C$700,">0"),"") -> 0.52144595 | D10: =IFERROR(AVERAGEIFS('تحليل التكلفة والسعر'!$K$2:$K$700,'تحليل التكلفة والسعر'!$A$2:$A$700,$A10,'تحليل التكلفة والسعر'!$C$2:$C$700,">0"),"") -> 0.77144595
A11: قسم البرجر | B11: =COUNTIF('تحليل التكلفة والسعر'!$A$2:$A$700,$A11) -> 6 | C11: =IFERROR(AVERAGEIFS('تحليل التكلفة والسعر'!$E$2:$E$700,'تحليل التكلفة والسعر'!$A$2:$A$700,$A11,'تحليل التكلفة والسعر'!$C$2:$C$700,">0"),"") -> 0.53828188 | D11: =IFERROR(AVERAGEIFS('تحليل التكلفة والسعر'!$K$2:$K$700,'تحليل التكلفة والسعر'!$A$2:$A$700,$A11,'تحليل التكلفة والسعر'!$C$2:$C$700,">0"),"") -> 0.78828188
A12: قسم المكرونات | B12: =COUNTIF('تحليل التكلفة والسعر'!$A$2:$A$700,$A12) -> 7 | C12: =IFERROR(AVERAGEIFS('تحليل التكلفة والسعر'!$E$2:$E$700,'تحليل التكلفة والسعر'!$A$2:$A$700,$A12,'تحليل التكلفة والسعر'!$C$2:$C$700,">0"),"") -> 0.53488757 | D12: =IFERROR(AVERAGEIFS('تحليل التكلفة والسعر'!$K$2:$K$700,'تحليل التكلفة والسعر'!$A$2:$A$700,$A12,'تحليل التكلفة والسعر'!$C$2:$C$700,">0"),"") -> 0.78488757
A13: قسم الكريب | B13: =COUNTIF('تحليل التكلفة والسعر'!$A$2:$A$700,$A13) -> 8 | C13: =IFERROR(AVERAGEIFS('تحليل التكلفة والسعر'!$E$2:$E$700,'تحليل التكلفة والسعر'!$A$2:$A$700,$A13,'تحليل التكلفة والسعر'!$C$2:$C$700,">0"),"") -> 0.59655685 | D13: =IFERROR(AVERAGEIFS('تحليل التكلفة والسعر'!$K$2:$K$700,'تحليل التكلفة والسعر'!$A$2:$A$700,$A13,'تحليل التكلفة والسعر'!$C$2:$C$700,">0"),"") -> 0.84655685
A14: قسم البطاطس | B14: =COUNTIF('تحليل التكلفة والسعر'!$A$2:$A$700,$A14) -> 4 | C14: =IFERROR(AVERAGEIFS('تحليل التكلفة والسعر'!$E$2:$E$700,'تحليل التكلفة والسعر'!$A$2:$A$700,$A14,'تحليل التكلفة والسعر'!$C$2:$C$700,">0"),"") -> 0.42991956 | D14: =IFERROR(AVERAGEIFS('تحليل التكلفة والسعر'!$K$2:$K$700,'تحليل التكلفة والسعر'!$A$2:$A$700,$A14,'تحليل التكلفة والسعر'!$C$2:$C$700,">0"),"") -> 0.67991956
A15: قسم البيتزا الصيامي | B15: =COUNTIF('تحليل التكلفة والسعر'!$A$2:$A$700,$A15) -> 16 | C15: =IFERROR(AVERAGEIFS('تحليل التكلفة والسعر'!$E$2:$E$700,'تحليل التكلفة والسعر'!$A$2:$A$700,$A15,'تحليل التكلفة والسعر'!$C$2:$C$700,">0"),"") -> 0.45000052 | D15: =IFERROR(AVERAGEIFS('تحليل التكلفة والسعر'!$K$2:$K$700,'تحليل التكلفة والسعر'!$A$2:$A$700,$A15,'تحليل التكلفة والسعر'!$C$2:$C$700,">0"),"") -> 0.70000052
A16: قسم الفطير الحادق الصيامي | B16: =COUNTIF('تحليل التكلفة والسعر'!$A$2:$A$700,$A16) -> 18 | C16: =IFERROR(AVERAGEIFS('تحليل التكلفة والسعر'!$E$2:$E$700,'تحليل التكلفة والسعر'!$A$2:$A$700,$A16,'تحليل التكلفة والسعر'!$C$2:$C$700,">0"),"") -> 0.43161676 | D16: =IFERROR(AVERAGEIFS('تحليل التكلفة والسعر'!$K$2:$K$700,'تحليل التكلفة والسعر'!$A$2:$A$700,$A16,'تحليل التكلفة والسعر'!$C$2:$C$700,">0"),"") -> 0.68161676
A17: قسم الفطير الحلو الصيامي | B17: =COUNTIF('تحليل التكلفة والسعر'!$A$2:$A$700,$A17) -> 4 | C17: =IFERROR(AVERAGEIFS('تحليل التكلفة والسعر'!$E$2:$E$700,'تحليل التكلفة والسعر'!$A$2:$A$700,$A17,'تحليل التكلفة والسعر'!$C$2:$C$700,">0"),"") -> 0.39545884 | D17: =IFERROR(AVERAGEIFS('تحليل التكلفة والسعر'!$K$2:$K$700,'تحليل التكلفة والسعر'!$A$2:$A$700,$A17,'تحليل التكلفة والسعر'!$C$2:$C$700,">0"),"") -> 0.64545884
A18: قسم البرجر الصيامي | B18: =COUNTIF('تحليل التكلفة والسعر'!$A$2:$A$700,$A18) -> 4 | C18: =IFERROR(AVERAGEIFS('تحليل التكلفة والسعر'!$E$2:$E$700,'تحليل التكلفة والسعر'!$A$2:$A$700,$A18,'تحليل التكلفة والسعر'!$C$2:$C$700,">0"),"") -> 0.41592541 | D18: =IFERROR(AVERAGEIFS('تحليل التكلفة والسعر'!$K$2:$K$700,'تحليل التكلفة والسعر'!$A$2:$A$700,$A18,'تحليل التكلفة والسعر'!$C$2:$C$700,">0"),"") -> 0.66592541
A19: قسم المكرونات الصيامي | B19: =COUNTIF('تحليل التكلفة والسعر'!$A$2:$A$700,$A19) -> 5 | C19: =IFERROR(AVERAGEIFS('تحليل التكلفة والسعر'!$E$2:$E$700,'تحليل التكلفة والسعر'!$A$2:$A$700,$A19,'تحليل التكلفة والسعر'!$C$2:$C$700,">0"),"") -> 0.44223055 | D19: =IFERROR(AVERAGEIFS('تحليل التكلفة والسعر'!$K$2:$K$700,'تحليل التكلفة والسعر'!$A$2:$A$700,$A19,'تحليل التكلفة والسعر'!$C$2:$C$700,">0"),"") -> 0.69223055
A20: قسم الكريب الصيامي | B20: =COUNTIF('تحليل التكلفة والسعر'!$A$2:$A$700,$A20) -> 4 | C20: =IFERROR(AVERAGEIFS('تحليل التكلفة والسعر'!$E$2:$E$700,'تحليل التكلفة والسعر'!$A$2:$A$700,$A20,'تحليل التكلفة والسعر'!$C$2:$C$700,">0"),"") -> 0.46022013 | D20: =IFERROR(AVERAGEIFS('تحليل التكلفة والسعر'!$K$2:$K$700,'تحليل التكلفة والسعر'!$A$2:$A$700,$A20,'تحليل التكلفة والسعر'!$C$2:$C$700,">0"),"") -> 0.71022013
A23: أعلى 5 أصناف هامش ربح
A24: اسم الصنف | B24: سعر البيع | C24: % تكلفة الطعام | D24: % هامش الربح
A25: =IFERROR(INDEX('تحليل التكلفة والسعر'!$B$2:$B$700,MATCH(LARGE('تحليل التكلفة والسعر'!$L$2:$L$700,1),'تحليل التكلفة والسعر'!$L$2:$L$700,0)),"") -> اضافة حشو للاطراف (Small) | B25: =IFERROR(INDEX('تحليل التكلفة والسعر'!$D$2:$D$700,MATCH(LARGE('تحليل التكلفة والسعر'!$L$2:$L$700,1),'تحليل التكلفة والسعر'!$L$2:$L$700,0)),"") -> 50 | C25: =IFERROR(INDEX('تحليل التكلفة والسعر'!$E$2:$E$700,MATCH(LARGE('تحليل التكلفة والسعر'!$L$2:$L$700,1),'تحليل التكلفة والسعر'!$L$2:$L$700,0)),"") -> 0.218638 | D25: =IFERROR(INDEX('تحليل التكلفة والسعر'!$I$2:$I$700,MATCH(LARGE('تحليل التكلفة والسعر'!$L$2:$L$700,1),'تحليل التكلفة والسعر'!$L$2:$L$700,0)),"") -> 0.781362
A26: =IFERROR(INDEX('تحليل التكلفة والسعر'!$B$2:$B$700,MATCH(LARGE('تحليل التكلفة والسعر'!$L$2:$L$700,2),'تحليل التكلفة والسعر'!$L$2:$L$700,0)),"") -> صوص باربيكيو إضافي (M) | B26: =IFERROR(INDEX('تحليل التكلفة والسعر'!$D$2:$D$700,MATCH(LARGE('تحليل التكلفة والسعر'!$L$2:$L$700,2),'تحليل التكلفة والسعر'!$L$2:$L$700,0)),"") -> 34.5 | C26: =IFERROR(INDEX('تحليل التكلفة والسعر'!$E$2:$E$700,MATCH(LARGE('تحليل التكلفة والسعر'!$L$2:$L$700,2),'تحليل التكلفة والسعر'!$L$2:$L$700,0)),"") -> 0.22991014 | D26: =IFERROR(INDEX('تحليل التكلفة والسعر'!$I$2:$I$700,MATCH(LARGE('تحليل التكلفة والسعر'!$L$2:$L$700,2),'تحليل التكلفة والسعر'!$L$2:$L$700,0)),"") -> 0.77008986
A27: =IFERROR(INDEX('تحليل التكلفة والسعر'!$B$2:$B$700,MATCH(LARGE('تحليل التكلفة والسعر'!$L$2:$L$700,3),'تحليل التكلفة والسعر'!$L$2:$L$700,0)),"") -> اضافة فراخ كريسبي (فطير كبير) | B27: =IFERROR(INDEX('تحليل التكلفة والسعر'!$D$2:$D$700,MATCH(LARGE('تحليل التكلفة والسعر'!$L$2:$L$700,3),'تحليل التكلفة والسعر'!$L$2:$L$700,0)),"") -> 130 | C27: =IFERROR(INDEX('تحليل التكلفة والسعر'!$E$2:$E$700,MATCH(LARGE('تحليل التكلفة والسعر'!$L$2:$L$700,3),'تحليل التكلفة والسعر'!$L$2:$L$700,0)),"") -> 0.23024538 | D27: =IFERROR(INDEX('تحليل التكلفة والسعر'!$I$2:$I$700,MATCH(LARGE('تحليل التكلفة والسعر'!$L$2:$L$700,3),'تحليل التكلفة والسعر'!$L$2:$L$700,0)),"") -> 0.76975462
A28: =IFERROR(INDEX('تحليل التكلفة والسعر'!$B$2:$B$700,MATCH(LARGE('تحليل التكلفة والسعر'!$L$2:$L$700,4),'تحليل التكلفة والسعر'!$L$2:$L$700,0)),"") -> اضافة جبنة رومي (فطير وسط) | B28: =IFERROR(INDEX('تحليل التكلفة والسعر'!$D$2:$D$700,MATCH(LARGE('تحليل التكلفة والسعر'!$L$2:$L$700,4),'تحليل التكلفة والسعر'!$L$2:$L$700,0)),"") -> 40 | C28: =IFERROR(INDEX('تحليل التكلفة والسعر'!$E$2:$E$700,MATCH(LARGE('تحليل التكلفة والسعر'!$L$2:$L$700,4),'تحليل التكلفة والسعر'!$L$2:$L$700,0)),"") -> 0.2482975 | D28: =IFERROR(INDEX('تحليل التكلفة والسعر'!$I$2:$I$700,MATCH(LARGE('تحليل التكلفة والسعر'!$L$2:$L$700,4),'تحليل التكلفة والسعر'!$L$2:$L$700,0)),"") -> 0.7517025
A29: =IFERROR(INDEX('تحليل التكلفة والسعر'!$B$2:$B$700,MATCH(LARGE('تحليل التكلفة والسعر'!$L$2:$L$700,5),'تحليل التكلفة والسعر'!$L$2:$L$700,0)),"") -> اضافة جبنة رومي (بيتزا وسط) | B29: =IFERROR(INDEX('تحليل التكلفة والسعر'!$D$2:$D$700,MATCH(LARGE('تحليل التكلفة والسعر'!$L$2:$L$700,5),'تحليل التكلفة والسعر'!$L$2:$L$700,0)),"") -> 40 | C29: =IFERROR(INDEX('تحليل التكلفة والسعر'!$E$2:$E$700,MATCH(LARGE('تحليل التكلفة والسعر'!$L$2:$L$700,5),'تحليل التكلفة والسعر'!$L$2:$L$700,0)),"") -> 0.2482975 | D29: =IFERROR(INDEX('تحليل التكلفة والسعر'!$I$2:$I$700,MATCH(LARGE('تحليل التكلفة والسعر'!$L$2:$L$700,5),'تحليل التكلفة والسعر'!$L$2:$L$700,0)),"") -> 0.7517025
A31: أقل 5 أصناف هامش ربح (محتاجة مراجعة)
A32: اسم الصنف | B32: سعر البيع | C32: % تكلفة الطعام | D32: % هامش الربح
A33: =IFERROR(INDEX('تحليل التكلفة والسعر'!$B$2:$B$700,MATCH(SMALL('تحليل التكلفة والسعر'!$L$2:$L$700,1),'تحليل التكلفة والسعر'!$L$2:$L$700,0)),"") -> عيش كريب | B33: =IFERROR(INDEX('تحليل التكلفة والسعر'!$D$2:$D$700,MATCH(SMALL('تحليل التكلفة والسعر'!$L$2:$L$700,1),'تحليل التكلفة والسعر'!$L$2:$L$700,0)),"") -> 5 | C33: =IFERROR(INDEX('تحليل التكلفة والسعر'!$E$2:$E$700,MATCH(SMALL('تحليل التكلفة والسعر'!$L$2:$L$700,1),'تحليل التكلفة والسعر'!$L$2:$L$700,0)),"") -> 1.1889924 | D33: =IFERROR(INDEX('تحليل التكلفة والسعر'!$I$2:$I$700,MATCH(SMALL('تحليل التكلفة والسعر'!$L$2:$L$700,1),'تحليل التكلفة والسعر'!$L$2:$L$700,0)),"") -> -0.18899242
A34: =IFERROR(INDEX('تحليل التكلفة والسعر'!$B$2:$B$700,MATCH(SMALL('تحليل التكلفة والسعر'!$L$2:$L$700,2),'تحليل التكلفة والسعر'!$L$2:$L$700,0)),"") -> مياه معدنية M | B34: =IFERROR(INDEX('تحليل التكلفة والسعر'!$D$2:$D$700,MATCH(SMALL('تحليل التكلفة والسعر'!$L$2:$L$700,2),'تحليل التكلفة والسعر'!$L$2:$L$700,0)),"") -> 8 | C34: =IFERROR(INDEX('تحليل التكلفة والسعر'!$E$2:$E$700,MATCH(SMALL('تحليل التكلفة والسعر'!$L$2:$L$700,2),'تحليل التكلفة والسعر'!$L$2:$L$700,0)),"") -> 0.9914875 | D34: =IFERROR(INDEX('تحليل التكلفة والسعر'!$I$2:$I$700,MATCH(SMALL('تحليل التكلفة والسعر'!$L$2:$L$700,2),'تحليل التكلفة والسعر'!$L$2:$L$700,0)),"") -> 0.0085125
A35: =IFERROR(INDEX('تحليل التكلفة والسعر'!$B$2:$B$700,MATCH(SMALL('تحليل التكلفة والسعر'!$L$2:$L$700,3),'تحليل التكلفة والسعر'!$L$2:$L$700,0)),"") -> بيبسي 2 لتر | B35: =IFERROR(INDEX('تحليل التكلفة والسعر'!$D$2:$D$700,MATCH(SMALL('تحليل التكلفة والسعر'!$L$2:$L$700,3),'تحليل التكلفة والسعر'!$L$2:$L$700,0)),"") -> 45 | C35: =IFERROR(INDEX('تحليل التكلفة والسعر'!$E$2:$E$700,MATCH(SMALL('تحليل التكلفة والسعر'!$L$2:$L$700,3),'تحليل التكلفة والسعر'!$L$2:$L$700,0)),"") -> 0.90959778 | D35: =IFERROR(INDEX('تحليل التكلفة والسعر'!$I$2:$I$700,MATCH(SMALL('تحليل التكلفة والسعر'!$L$2:$L$700,3),'تحليل التكلفة والسعر'!$L$2:$L$700,0)),"") -> 0.090402222
A36: =IFERROR(INDEX('تحليل التكلفة والسعر'!$B$2:$B$700,MATCH(SMALL('تحليل التكلفة والسعر'!$L$2:$L$700,4),'تحليل التكلفة والسعر'!$L$2:$L$700,0)),"") -> بيبسي لتر | B36: =IFERROR(INDEX('تحليل التكلفة والسعر'!$D$2:$D$700,MATCH(SMALL('تحليل التكلفة والسعر'!$L$2:$L$700,4),'تحليل التكلفة والسعر'!$L$2:$L$700,0)),"") -> 35 | C36: =IFERROR(INDEX('تحليل التكلفة والسعر'!$E$2:$E$700,MATCH(SMALL('تحليل التكلفة والسعر'!$L$2:$L$700,4),'تحليل التكلفة والسعر'!$L$2:$L$700,0)),"") -> 0.88376857 | D36: =IFERROR(INDEX('تحليل التكلفة والسعر'!$I$2:$I$700,MATCH(SMALL('تحليل التكلفة والسعر'!$L$2:$L$700,4),'تحليل التكلفة والسعر'!$L$2:$L$700,0)),"") -> 0.11623143
A37: =IFERROR(INDEX('تحليل التكلفة والسعر'!$B$2:$B$700,MATCH(SMALL('تحليل التكلفة والسعر'!$L$2:$L$700,5),'تحليل التكلفة والسعر'!$L$2:$L$700,0)),"") -> اضافة جمبري (بيتزا وسط) | B37: =IFERROR(INDEX('تحليل التكلفة والسعر'!$D$2:$D$700,MATCH(SMALL('تحليل التكلفة والسعر'!$L$2:$L$700,5),'تحليل التكلفة والسعر'!$L$2:$L$700,0)),"") -> 140 | C37: =IFERROR(INDEX('تحليل التكلفة والسعر'!$E$2:$E$700,MATCH(SMALL('تحليل التكلفة والسعر'!$L$2:$L$700,5),'تحليل التكلفة والسعر'!$L$2:$L$700,0)),"") -> 0.68522786 | D37: =IFERROR(INDEX('تحليل التكلفة والسعر'!$I$2:$I$700,MATCH(SMALL('تحليل التكلفة والسعر'!$L$2:$L$700,5),'تحليل التكلفة والسعر'!$L$2:$L$700,0)),"") -> 0.31477214
A39: ملحوظة: الجدولين أعلاه بيتحدثوا أوتوماتيك مع أي تعديل في شيت تحليل التكلفة والسعر.

Sheet داشبورد المخزون
A1: داشبورد المالك - الجرد والمخزون
A2: ="بيانات لحد يوم: "&TEXT('إعدادات المخزون'!$B$4,"yyyy-mm-dd")&" | بداية الفترة: "&TEXT('إعدادات المخزون'!$B$5,"yyyy-mm-dd")&" | نسبة التسامح: "&TEXT('إعدادات المخزون'!$B$7,"0.0%") -> بيانات لحد يوم: 2026-10-12 | بداية الفترة: 2026-10-01 | نسبة التسامح: 3.0%
A3: غيّر "تاريخ التقرير" من شيت إعدادات المخزون. الأرقام التراكمية = من بداية الشهر لحد التاريخ، وأرقام "اليوم" = اليوم نفسه.
A5: المؤشر | B5: محرم بك | C5: ابراهيمية | D5: عصافرة | E5: الإجمالي
A6: — الجرد (تراكمي من بداية الشهر) —
A7: عدد المواد المتتبعة | B7: =89 -> 89 | C7: =89 -> 89 | D7: =89 -> 89 | E7: =MAX(B7:D7) -> 89
A8: اتجرد النهاردة | B8: =COUNTIF('جرد - محرم بك'!$K$7:$K$95,"نعم") -> 0 | C8: =COUNTIF('جرد - ابراهيمية'!$K$7:$K$95,"نعم") -> 0 | D8: =COUNTIF('جرد - عصافرة'!$K$7:$K$95,"نعم") -> 0 | E8: =SUM(B8:D8) -> 0
A9: نسبة إتمام الجرد | B9: =IFERROR(COUNTIF('جرد - محرم بك'!$K$7:$K$95,"نعم")/89,0) -> 0 | C9: =IFERROR(COUNTIF('جرد - ابراهيمية'!$K$7:$K$95,"نعم")/89,0) -> 0 | D9: =IFERROR(COUNTIF('جرد - عصافرة'!$K$7:$K$95,"نعم")/89,0) -> 0 | E9: =AVERAGE(B9:D9) -> 0
A10: قيمة المخزون الدفتري (جنيه) | B10: =SUMPRODUCT('جرد - محرم بك'!$J$7:$J$95,'جرد - محرم بك'!$C$7:$C$95) -> 65102.777 | C10: =SUMPRODUCT('جرد - ابراهيمية'!$J$7:$J$95,'جرد - ابراهيمية'!$C$7:$C$95) -> 71951.429 | D10: =SUMPRODUCT('جرد - عصافرة'!$J$7:$J$95,'جرد - عصافرة'!$C$7:$C$95) -> 86384.454 | E10: =SUM(B10:D10) -> 223438.66
A11: إجمالي العجز (جنيه) | B11: =SUMIF('جرد - محرم بك'!$AA$7:$AA$95,"<0") -> 0 | C11: =SUMIF('جرد - ابراهيمية'!$AA$7:$AA$95,"<0") -> 0 | D11: =SUMIF('جرد - عصافرة'!$AA$7:$AA$95,"<0") -> 0 | E11: =SUM(B11:D11) -> 0
A12: إجمالي الزيادة (جنيه) | B12: =SUMIF('جرد - محرم بك'!$AA$7:$AA$95,">0") -> 0 | C12: =SUMIF('جرد - ابراهيمية'!$AA$7:$AA$95,">0") -> 0 | D12: =SUMIF('جرد - عصافرة'!$AA$7:$AA$95,">0") -> 0 | E12: =SUM(B12:D12) -> 0
A13: صافي الفرق (جنيه) | B13: =SUM('جرد - محرم بك'!$AA$7:$AA$95) -> 0 | C13: =SUM('جرد - ابراهيمية'!$AA$7:$AA$95) -> 0 | D13: =SUM('جرد - عصافرة'!$AA$7:$AA$95) -> 0 | E13: =SUM(B13:D13) -> 0
A14: معدل الانحراف % | B14: =IFERROR(SUMPRODUCT(ABS('جرد - محرم بك'!$AA$7:$AA$95))/SUM('جرد - محرم بك'!$AB$7:$AB$95),0) -> 0 | C14: =IFERROR(SUMPRODUCT(ABS('جرد - ابراهيمية'!$AA$7:$AA$95))/SUM('جرد - ابراهيمية'!$AB$7:$AB$95),0) -> 0 | D14: =IFERROR(SUMPRODUCT(ABS('جرد - عصافرة'!$AA$7:$AA$95))/SUM('جرد - عصافرة'!$AB$7:$AB$95),0) -> 0 | E14: =IFERROR((SUMPRODUCT(ABS('جرد - محرم بك'!$AA$7:$AA$95))+SUMPRODUCT(ABS('جرد - ابراهيمية'!$AA$7:$AA$95))+SUMPRODUCT(ABS('جرد - عصافرة'!$AA$7:$AA$95)))/(SUM('جرد - محرم بك'!$AB$7:$AB$95)+SUM('جرد - ابراهيمية'!$AB$7:$AB$95)+SUM('جرد - عصافرة'!$AB$7:$AB$95)),0) -> 0
A15: مواد خارج التسامح | B15: =COUNTIF('جرد - محرم بك'!$P$7:$P$95,"عجز")+COUNTIF('جرد - محرم بك'!$P$7:$P$95,"زيادة") -> 0 | C15: =COUNTIF('جرد - ابراهيمية'!$P$7:$P$95,"عجز")+COUNTIF('جرد - ابراهيمية'!$P$7:$P$95,"زيادة") -> 0 | D15: =COUNTIF('جرد - عصافرة'!$P$7:$P$95,"عجز")+COUNTIF('جرد - عصافرة'!$P$7:$P$95,"زيادة") -> 0 | E15: =SUM(B15:D15) -> 0
A16: — الجرد اليومي —
A17: عجز اليوم (جنيه) | B17: =SUMIF('جرد - محرم بك'!$AC$7:$AC$95,"<0") -> 0 | C17: =SUMIF('جرد - ابراهيمية'!$AC$7:$AC$95,"<0") -> 0 | D17: =SUMIF('جرد - عصافرة'!$AC$7:$AC$95,"<0") -> 0 | E17: =SUM(B17:D17) -> 0
A18: زيادة اليوم (جنيه) | B18: =SUMIF('جرد - محرم بك'!$AC$7:$AC$95,">0") -> 0 | C18: =SUMIF('جرد - ابراهيمية'!$AC$7:$AC$95,">0") -> 0 | D18: =SUMIF('جرد - عصافرة'!$AC$7:$AC$95,">0") -> 0 | E18: =SUM(B18:D18) -> 0
A19: — المبيعات والمشتريات —
A20: إيراد اليوم (جنيه) | B20: =SUMIFS('مبيعات يومية'!$F$2:$F$14001,'مبيعات يومية'!$B$2:$B$14001,'إعدادات المخزون'!$A$15,'مبيعات يومية'!$A$2:$A$14001,'إعدادات المخزون'!$B$4) -> 25466.228 | C20: =SUMIFS('مبيعات يومية'!$F$2:$F$14001,'مبيعات يومية'!$B$2:$B$14001,'إعدادات المخزون'!$A$16,'مبيعات يومية'!$A$2:$A$14001,'إعدادات المخزون'!$B$4) -> 23196.761 | D20: =SUMIFS('مبيعات يومية'!$F$2:$F$14001,'مبيعات يومية'!$B$2:$B$14001,'إعدادات المخزون'!$A$17,'مبيعات يومية'!$A$2:$A$14001,'إعدادات المخزون'!$B$4) -> 26153.319 | E20: =SUM(B20:D20) -> 74816.308
A21: إيراد الشهر (جنيه) | B21: =SUMIFS('مبيعات يومية'!$F$2:$F$14001,'مبيعات يومية'!$B$2:$B$14001,'إعدادات المخزون'!$A$15,'مبيعات يومية'!$A$2:$A$14001,">="&'إعدادات المخزون'!$B$5,'مبيعات يومية'!$A$2:$A$14001,"<="&'إعدادات المخزون'!$B$4) -> 305594.74 | C21: =SUMIFS('مبيعات يومية'!$F$2:$F$14001,'مبيعات يومية'!$B$2:$B$14001,'إعدادات المخزون'!$A$16,'مبيعات يومية'!$A$2:$A$14001,">="&'إعدادات المخزون'!$B$5,'مبيعات يومية'!$A$2:$A$14001,"<="&'إعدادات المخزون'!$B$4) -> 278361.13 | D21: =SUMIFS('مبيعات يومية'!$F$2:$F$14001,'مبيعات يومية'!$B$2:$B$14001,'إعدادات المخزون'!$A$17,'مبيعات يومية'!$A$2:$A$14001,">="&'إعدادات المخزون'!$B$5,'مبيعات يومية'!$A$2:$A$14001,"<="&'إعدادات المخزون'!$B$4) -> 313839.83 | E21: =SUM(B21:D21) -> 897795.7
A22: تكلفة المبيعات النظرية - الشهر (جنيه) | B22: =SUMIFS('مبيعات يومية'!$G$2:$G$14001,'مبيعات يومية'!$B$2:$B$14001,'إعدادات المخزون'!$A$15,'مبيعات يومية'!$A$2:$A$14001,">="&'إعدادات المخزون'!$B$5,'مبيعات يومية'!$A$2:$A$14001,"<="&'إعدادات المخزون'!$B$4) -> 167160.73 | C22: =SUMIFS('مبيعات يومية'!$G$2:$G$14001,'مبيعات يومية'!$B$2:$B$14001,'إعدادات المخزون'!$A$16,'مبيعات يومية'!$A$2:$A$14001,">="&'إعدادات المخزون'!$B$5,'مبيعات يومية'!$A$2:$A$14001,"<="&'إعدادات المخزون'!$B$4) -> 150387.25 | D22: =SUMIFS('مبيعات يومية'!$G$2:$G$14001,'مبيعات يومية'!$B$2:$B$14001,'إعدادات المخزون'!$A$17,'مبيعات يومية'!$A$2:$A$14001,">="&'إعدادات المخزون'!$B$5,'مبيعات يومية'!$A$2:$A$14001,"<="&'إعدادات المخزون'!$B$4) -> 170441.29 | E22: =SUM(B22:D22) -> 487989.27
A23: % تكلفة نظرية من الإيراد | B23: =IFERROR(B22/B21,0) -> 0.54700134 | C23: =IFERROR(C22/C21,0) -> 0.54025953 | D23: =IFERROR(D22/D21,0) -> 0.54308367 | E23: =IFERROR(E22/E21,0) -> 0.54354156
A24: مشتريات اليوم (جنيه) | B24: =SUMIFS('مشتريات يومية'!$E$2:$E$4001,'مشتريات يومية'!$B$2:$B$4001,'إعدادات المخزون'!$A$15,'مشتريات يومية'!$A$2:$A$4001,'إعدادات المخزون'!$B$4) -> 0 | C24: =SUMIFS('مشتريات يومية'!$E$2:$E$4001,'مشتريات يومية'!$B$2:$B$4001,'إعدادات المخزون'!$A$16,'مشتريات يومية'!$A$2:$A$4001,'إعدادات المخزون'!$B$4) -> 0 | D24: =SUMIFS('مشتريات يومية'!$E$2:$E$4001,'مشتريات يومية'!$B$2:$B$4001,'إعدادات المخزون'!$A$17,'مشتريات يومية'!$A$2:$A$4001,'إعدادات المخزون'!$B$4) -> 0 | E24: =SUM(B24:D24) -> 0
A25: مشتريات الشهر (جنيه) | B25: =SUMIFS('مشتريات يومية'!$E$2:$E$4001,'مشتريات يومية'!$B$2:$B$4001,'إعدادات المخزون'!$A$15,'مشتريات يومية'!$A$2:$A$4001,">="&'إعدادات المخزون'!$B$5,'مشتريات يومية'!$A$2:$A$4001,"<="&'إعدادات المخزون'!$B$4) -> 174165.05 | C25: =SUMIFS('مشتريات يومية'!$E$2:$E$4001,'مشتريات يومية'!$B$2:$B$4001,'إعدادات المخزون'!$A$16,'مشتريات يومية'!$A$2:$A$4001,">="&'إعدادات المخزون'!$B$5,'مشتريات يومية'!$A$2:$A$4001,"<="&'إعدادات المخزون'!$B$4) -> 146929.8 | D25: =SUMIFS('مشتريات يومية'!$E$2:$E$4001,'مشتريات يومية'!$B$2:$B$4001,'إعدادات المخزون'!$A$17,'مشتريات يومية'!$A$2:$A$4001,">="&'إعدادات المخزون'!$B$5,'مشتريات يومية'!$A$2:$A$4001,"<="&'إعدادات المخزون'!$B$4) -> 167070.68 | E25: =SUM(B25:D25) -> 488165.53
A26: % مشتريات من إيراد الشهر | B26: =IFERROR(B25/B21,0) -> 0.56992163 | C26: =IFERROR(C25/C21,0) -> 0.52783878 | D26: =IFERROR(D25/D21,0) -> 0.53234378 | E26: =IFERROR(E25/E21,0) -> 0.54373788
A29: أكبر 10 عجز (بالقيمة) لكل فرع
A30: فرع محرم بك
A31: المكون | B31: الفرق (كمية) | C31: الوحدة | D31: قيمة العجز (جنيه)
A32: =IF(LARGE('جرد - محرم بك'!$X$7:$X$95,1)<=0,"",INDEX('جرد - محرم بك'!$A$7:$A$95,MATCH(LARGE('جرد - محرم بك'!$X$7:$X$95,1),'جرد - محرم بك'!$X$7:$X$95,0))) | B32: =IF($A32="","",INDEX('جرد - محرم بك'!$M$7:$M$95,MATCH(LARGE('جرد - محرم بك'!$X$7:$X$95,1),'جرد - محرم بك'!$X$7:$X$95,0))) | C32: =IF($A32="","",INDEX('جرد - محرم بك'!$B$7:$B$95,MATCH(LARGE('جرد - محرم بك'!$X$7:$X$95,1),'جرد - محرم بك'!$X$7:$X$95,0))) | D32: =IF($A32="","",INDEX('جرد - محرم بك'!$O$7:$O$95,MATCH(LARGE('جرد - محرم بك'!$X$7:$X$95,1),'جرد - محرم بك'!$X$7:$X$95,0)))
A33: =IF(LARGE('جرد - محرم بك'!$X$7:$X$95,2)<=0,"",INDEX('جرد - محرم بك'!$A$7:$A$95,MATCH(LARGE('جرد - محرم بك'!$X$7:$X$95,2),'جرد - محرم بك'!$X$7:$X$95,0))) | B33: =IF($A33="","",INDEX('جرد - محرم بك'!$M$7:$M$95,MATCH(LARGE('جرد - محرم بك'!$X$7:$X$95,2),'جرد - محرم بك'!$X$7:$X$95,0))) | C33: =IF($A33="","",INDEX('جرد - محرم بك'!$B$7:$B$95,MATCH(LARGE('جرد - محرم بك'!$X$7:$X$95,2),'جرد - محرم بك'!$X$7:$X$95,0))) | D33: =IF($A33="","",INDEX('جرد - محرم بك'!$O$7:$O$95,MATCH(LARGE('جرد - محرم بك'!$X$7:$X$95,2),'جرد - محرم بك'!$X$7:$X$95,0)))
A34: =IF(LARGE('جرد - محرم بك'!$X$7:$X$95,3)<=0,"",INDEX('جرد - محرم بك'!$A$7:$A$95,MATCH(LARGE('جرد - محرم بك'!$X$7:$X$95,3),'جرد - محرم بك'!$X$7:$X$95,0))) | B34: =IF($A34="","",INDEX('جرد - محرم بك'!$M$7:$M$95,MATCH(LARGE('جرد - محرم بك'!$X$7:$X$95,3),'جرد - محرم بك'!$X$7:$X$95,0))) | C34: =IF($A34="","",INDEX('جرد - محرم بك'!$B$7:$B$95,MATCH(LARGE('جرد - محرم بك'!$X$7:$X$95,3),'جرد - محرم بك'!$X$7:$X$95,0))) | D34: =IF($A34="","",INDEX('جرد - محرم بك'!$O$7:$O$95,MATCH(LARGE('جرد - محرم بك'!$X$7:$X$95,3),'جرد - محرم بك'!$X$7:$X$95,0)))
A35: =IF(LARGE('جرد - محرم بك'!$X$7:$X$95,4)<=0,"",INDEX('جرد - محرم بك'!$A$7:$A$95,MATCH(LARGE('جرد - محرم بك'!$X$7:$X$95,4),'جرد - محرم بك'!$X$7:$X$95,0))) | B35: =IF($A35="","",INDEX('جرد - محرم بك'!$M$7:$M$95,MATCH(LARGE('جرد - محرم بك'!$X$7:$X$95,4),'جرد - محرم بك'!$X$7:$X$95,0))) | C35: =IF($A35="","",INDEX('جرد - محرم بك'!$B$7:$B$95,MATCH(LARGE('جرد - محرم بك'!$X$7:$X$95,4),'جرد - محرم بك'!$X$7:$X$95,0))) | D35: =IF($A35="","",INDEX('جرد - محرم بك'!$O$7:$O$95,MATCH(LARGE('جرد - محرم بك'!$X$7:$X$95,4),'جرد - محرم بك'!$X$7:$X$95,0)))
A36: =IF(LARGE('جرد - محرم بك'!$X$7:$X$95,5)<=0,"",INDEX('جرد - محرم بك'!$A$7:$A$95,MATCH(LARGE('جرد - محرم بك'!$X$7:$X$95,5),'جرد - محرم بك'!$X$7:$X$95,0))) | B36: =IF($A36="","",INDEX('جرد - محرم بك'!$M$7:$M$95,MATCH(LARGE('جرد - محرم بك'!$X$7:$X$95,5),'جرد - محرم بك'!$X$7:$X$95,0))) | C36: =IF($A36="","",INDEX('جرد - محرم بك'!$B$7:$B$95,MATCH(LARGE('جرد - محرم بك'!$X$7:$X$95,5),'جرد - محرم بك'!$X$7:$X$95,0))) | D36: =IF($A36="","",INDEX('جرد - محرم بك'!$O$7:$O$95,MATCH(LARGE('جرد - محرم بك'!$X$7:$X$95,5),'جرد - محرم بك'!$X$7:$X$95,0)))
A37: =IF(LARGE('جرد - محرم بك'!$X$7:$X$95,6)<=0,"",INDEX('جرد - محرم بك'!$A$7:$A$95,MATCH(LARGE('جرد - محرم بك'!$X$7:$X$95,6),'جرد - محرم بك'!$X$7:$X$95,0))) | B37: =IF($A37="","",INDEX('جرد - محرم بك'!$M$7:$M$95,MATCH(LARGE('جرد - محرم بك'!$X$7:$X$95,6),'جرد - محرم بك'!$X$7:$X$95,0))) | C37: =IF($A37="","",INDEX('جرد - محرم بك'!$B$7:$B$95,MATCH(LARGE('جرد - محرم بك'!$X$7:$X$95,6),'جرد - محرم بك'!$X$7:$X$95,0))) | D37: =IF($A37="","",INDEX('جرد - محرم بك'!$O$7:$O$95,MATCH(LARGE('جرد - محرم بك'!$X$7:$X$95,6),'جرد - محرم بك'!$X$7:$X$95,0)))
A38: =IF(LARGE('جرد - محرم بك'!$X$7:$X$95,7)<=0,"",INDEX('جرد - محرم بك'!$A$7:$A$95,MATCH(LARGE('جرد - محرم بك'!$X$7:$X$95,7),'جرد - محرم بك'!$X$7:$X$95,0))) | B38: =IF($A38="","",INDEX('جرد - محرم بك'!$M$7:$M$95,MATCH(LARGE('جرد - محرم بك'!$X$7:$X$95,7),'جرد - محرم بك'!$X$7:$X$95,0))) | C38: =IF($A38="","",INDEX('جرد - محرم بك'!$B$7:$B$95,MATCH(LARGE('جرد - محرم بك'!$X$7:$X$95,7),'جرد - محرم بك'!$X$7:$X$95,0))) | D38: =IF($A38="","",INDEX('جرد - محرم بك'!$O$7:$O$95,MATCH(LARGE('جرد - محرم بك'!$X$7:$X$95,7),'جرد - محرم بك'!$X$7:$X$95,0)))
A39: =IF(LARGE('جرد - محرم بك'!$X$7:$X$95,8)<=0,"",INDEX('جرد - محرم بك'!$A$7:$A$95,MATCH(LARGE('جرد - محرم بك'!$X$7:$X$95,8),'جرد - محرم بك'!$X$7:$X$95,0))) | B39: =IF($A39="","",INDEX('جرد - محرم بك'!$M$7:$M$95,MATCH(LARGE('جرد - محرم بك'!$X$7:$X$95,8),'جرد - محرم بك'!$X$7:$X$95,0))) | C39: =IF($A39="","",INDEX('جرد - محرم بك'!$B$7:$B$95,MATCH(LARGE('جرد - محرم بك'!$X$7:$X$95,8),'جرد - محرم بك'!$X$7:$X$95,0))) | D39: =IF($A39="","",INDEX('جرد - محرم بك'!$O$7:$O$95,MATCH(LARGE('جرد - محرم بك'!$X$7:$X$95,8),'جرد - محرم بك'!$X$7:$X$95,0)))
A40: =IF(LARGE('جرد - محرم بك'!$X$7:$X$95,9)<=0,"",INDEX('جرد - محرم بك'!$A$7:$A$95,MATCH(LARGE('جرد - محرم بك'!$X$7:$X$95,9),'جرد - محرم بك'!$X$7:$X$95,0))) | B40: =IF($A40="","",INDEX('جرد - محرم بك'!$M$7:$M$95,MATCH(LARGE('جرد - محرم بك'!$X$7:$X$95,9),'جرد - محرم بك'!$X$7:$X$95,0))) | C40: =IF($A40="","",INDEX('جرد - محرم بك'!$B$7:$B$95,MATCH(LARGE('جرد - محرم بك'!$X$7:$X$95,9),'جرد - محرم بك'!$X$7:$X$95,0))) | D40: =IF($A40="","",INDEX('جرد - محرم بك'!$O$7:$O$95,MATCH(LARGE('جرد - محرم بك'!$X$7:$X$95,9),'جرد - محرم بك'!$X$7:$X$95,0)))
A41: =IF(LARGE('جرد - محرم بك'!$X$7:$X$95,10)<=0,"",INDEX('جرد - محرم بك'!$A$7:$A$95,MATCH(LARGE('جرد - محرم بك'!$X$7:$X$95,10),'جرد - محرم بك'!$X$7:$X$95,0))) | B41: =IF($A41="","",INDEX('جرد - محرم بك'!$M$7:$M$95,MATCH(LARGE('جرد - محرم بك'!$X$7:$X$95,10),'جرد - محرم بك'!$X$7:$X$95,0))) | C41: =IF($A41="","",INDEX('جرد - محرم بك'!$B$7:$B$95,MATCH(LARGE('جرد - محرم بك'!$X$7:$X$95,10),'جرد - محرم بك'!$X$7:$X$95,0))) | D41: =IF($A41="","",INDEX('جرد - محرم بك'!$O$7:$O$95,MATCH(LARGE('جرد - محرم بك'!$X$7:$X$95,10),'جرد - محرم بك'!$X$7:$X$95,0)))
A43: فرع ابراهيمية
A44: المكون | B44: الفرق (كمية) | C44: الوحدة | D44: قيمة العجز (جنيه)
A45: =IF(LARGE('جرد - ابراهيمية'!$X$7:$X$95,1)<=0,"",INDEX('جرد - ابراهيمية'!$A$7:$A$95,MATCH(LARGE('جرد - ابراهيمية'!$X$7:$X$95,1),'جرد - ابراهيمية'!$X$7:$X$95,0))) | B45: =IF($A45="","",INDEX('جرد - ابراهيمية'!$M$7:$M$95,MATCH(LARGE('جرد - ابراهيمية'!$X$7:$X$95,1),'جرد - ابراهيمية'!$X$7:$X$95,0))) | C45: =IF($A45="","",INDEX('جرد - ابراهيمية'!$B$7:$B$95,MATCH(LARGE('جرد - ابراهيمية'!$X$7:$X$95,1),'جرد - ابراهيمية'!$X$7:$X$95,0))) | D45: =IF($A45="","",INDEX('جرد - ابراهيمية'!$O$7:$O$95,MATCH(LARGE('جرد - ابراهيمية'!$X$7:$X$95,1),'جرد - ابراهيمية'!$X$7:$X$95,0)))
A46: =IF(LARGE('جرد - ابراهيمية'!$X$7:$X$95,2)<=0,"",INDEX('جرد - ابراهيمية'!$A$7:$A$95,MATCH(LARGE('جرد - ابراهيمية'!$X$7:$X$95,2),'جرد - ابراهيمية'!$X$7:$X$95,0))) | B46: =IF($A46="","",INDEX('جرد - ابراهيمية'!$M$7:$M$95,MATCH(LARGE('جرد - ابراهيمية'!$X$7:$X$95,2),'جرد - ابراهيمية'!$X$7:$X$95,0))) | C46: =IF($A46="","",INDEX('جرد - ابراهيمية'!$B$7:$B$95,MATCH(LARGE('جرد - ابراهيمية'!$X$7:$X$95,2),'جرد - ابراهيمية'!$X$7:$X$95,0))) | D46: =IF($A46="","",INDEX('جرد - ابراهيمية'!$O$7:$O$95,MATCH(LARGE('جرد - ابراهيمية'!$X$7:$X$95,2),'جرد - ابراهيمية'!$X$7:$X$95,0)))
A47: =IF(LARGE('جرد - ابراهيمية'!$X$7:$X$95,3)<=0,"",INDEX('جرد - ابراهيمية'!$A$7:$A$95,MATCH(LARGE('جرد - ابراهيمية'!$X$7:$X$95,3),'جرد - ابراهيمية'!$X$7:$X$95,0))) | B47: =IF($A47="","",INDEX('جرد - ابراهيمية'!$M$7:$M$95,MATCH(LARGE('جرد - ابراهيمية'!$X$7:$X$95,3),'جرد - ابراهيمية'!$X$7:$X$95,0))) | C47: =IF($A47="","",INDEX('جرد - ابراهيمية'!$B$7:$B$95,MATCH(LARGE('جرد - ابراهيمية'!$X$7:$X$95,3),'جرد - ابراهيمية'!$X$7:$X$95,0))) | D47: =IF($A47="","",INDEX('جرد - ابراهيمية'!$O$7:$O$95,MATCH(LARGE('جرد - ابراهيمية'!$X$7:$X$95,3),'جرد - ابراهيمية'!$X$7:$X$95,0)))
A48: =IF(LARGE('جرد - ابراهيمية'!$X$7:$X$95,4)<=0,"",INDEX('جرد - ابراهيمية'!$A$7:$A$95,MATCH(LARGE('جرد - ابراهيمية'!$X$7:$X$95,4),'جرد - ابراهيمية'!$X$7:$X$95,0))) | B48: =IF($A48="","",INDEX('جرد - ابراهيمية'!$M$7:$M$95,MATCH(LARGE('جرد - ابراهيمية'!$X$7:$X$95,4),'جرد - ابراهيمية'!$X$7:$X$95,0))) | C48: =IF($A48="","",INDEX('جرد - ابراهيمية'!$B$7:$B$95,MATCH(LARGE('جرد - ابراهيمية'!$X$7:$X$95,4),'جرد - ابراهيمية'!$X$7:$X$95,0))) | D48: =IF($A48="","",INDEX('جرد - ابراهيمية'!$O$7:$O$95,MATCH(LARGE('جرد - ابراهيمية'!$X$7:$X$95,4),'جرد - ابراهيمية'!$X$7:$X$95,0)))
A49: =IF(LARGE('جرد - ابراهيمية'!$X$7:$X$95,5)<=0,"",INDEX('جرد - ابراهيمية'!$A$7:$A$95,MATCH(LARGE('جرد - ابراهيمية'!$X$7:$X$95,5),'جرد - ابراهيمية'!$X$7:$X$95,0))) | B49: =IF($A49="","",INDEX('جرد - ابراهيمية'!$M$7:$M$95,MATCH(LARGE('جرد - ابراهيمية'!$X$7:$X$95,5),'جرد - ابراهيمية'!$X$7:$X$95,0))) | C49: =IF($A49="","",INDEX('جرد - ابراهيمية'!$B$7:$B$95,MATCH(LARGE('جرد - ابراهيمية'!$X$7:$X$95,5),'جرد - ابراهيمية'!$X$7:$X$95,0))) | D49: =IF($A49="","",INDEX('جرد - ابراهيمية'!$O$7:$O$95,MATCH(LARGE('جرد - ابراهيمية'!$X$7:$X$95,5),'جرد - ابراهيمية'!$X$7:$X$95,0)))
A50: =IF(LARGE('جرد - ابراهيمية'!$X$7:$X$95,6)<=0,"",INDEX('جرد - ابراهيمية'!$A$7:$A$95,MATCH(LARGE('جرد - ابراهيمية'!$X$7:$X$95,6),'جرد - ابراهيمية'!$X$7:$X$95,0))) | B50: =IF($A50="","",INDEX('جرد - ابراهيمية'!$M$7:$M$95,MATCH(LARGE('جرد - ابراهيمية'!$X$7:$X$95,6),'جرد - ابراهيمية'!$X$7:$X$95,0))) | C50: =IF($A50="","",INDEX('جرد - ابراهيمية'!$B$7:$B$95,MATCH(LARGE('جرد - ابراهيمية'!$X$7:$X$95,6),'جرد - ابراهيمية'!$X$7:$X$95,0))) | D50: =IF($A50="","",INDEX('جرد - ابراهيمية'!$O$7:$O$95,MATCH(LARGE('جرد - ابراهيمية'!$X$7:$X$95,6),'جرد - ابراهيمية'!$X$7:$X$95,0)))
A51: =IF(LARGE('جرد - ابراهيمية'!$X$7:$X$95,7)<=0,"",INDEX('جرد - ابراهيمية'!$A$7:$A$95,MATCH(LARGE('جرد - ابراهيمية'!$X$7:$X$95,7),'جرد - ابراهيمية'!$X$7:$X$95,0))) | B51: =IF($A51="","",INDEX('جرد - ابراهيمية'!$M$7:$M$95,MATCH(LARGE('جرد - ابراهيمية'!$X$7:$X$95,7),'جرد - ابراهيمية'!$X$7:$X$95,0))) | C51: =IF($A51="","",INDEX('جرد - ابراهيمية'!$B$7:$B$95,MATCH(LARGE('جرد - ابراهيمية'!$X$7:$X$95,7),'جرد - ابراهيمية'!$X$7:$X$95,0))) | D51: =IF($A51="","",INDEX('جرد - ابراهيمية'!$O$7:$O$95,MATCH(LARGE('جرد - ابراهيمية'!$X$7:$X$95,7),'جرد - ابراهيمية'!$X$7:$X$95,0)))
A52: =IF(LARGE('جرد - ابراهيمية'!$X$7:$X$95,8)<=0,"",INDEX('جرد - ابراهيمية'!$A$7:$A$95,MATCH(LARGE('جرد - ابراهيمية'!$X$7:$X$95,8),'جرد - ابراهيمية'!$X$7:$X$95,0))) | B52: =IF($A52="","",INDEX('جرد - ابراهيمية'!$M$7:$M$95,MATCH(LARGE('جرد - ابراهيمية'!$X$7:$X$95,8),'جرد - ابراهيمية'!$X$7:$X$95,0))) | C52: =IF($A52="","",INDEX('جرد - ابراهيمية'!$B$7:$B$95,MATCH(LARGE('جرد - ابراهيمية'!$X$7:$X$95,8),'جرد - ابراهيمية'!$X$7:$X$95,0))) | D52: =IF($A52="","",INDEX('جرد - ابراهيمية'!$O$7:$O$95,MATCH(LARGE('جرد - ابراهيمية'!$X$7:$X$95,8),'جرد - ابراهيمية'!$X$7:$X$95,0)))
A53: =IF(LARGE('جرد - ابراهيمية'!$X$7:$X$95,9)<=0,"",INDEX('جرد - ابراهيمية'!$A$7:$A$95,MATCH(LARGE('جرد - ابراهيمية'!$X$7:$X$95,9),'جرد - ابراهيمية'!$X$7:$X$95,0))) | B53: =IF($A53="","",INDEX('جرد - ابراهيمية'!$M$7:$M$95,MATCH(LARGE('جرد - ابراهيمية'!$X$7:$X$95,9),'جرد - ابراهيمية'!$X$7:$X$95,0))) | C53: =IF($A53="","",INDEX('جرد - ابراهيمية'!$B$7:$B$95,MATCH(LARGE('جرد - ابراهيمية'!$X$7:$X$95,9),'جرد - ابراهيمية'!$X$7:$X$95,0))) | D53: =IF($A53="","",INDEX('جرد - ابراهيمية'!$O$7:$O$95,MATCH(LARGE('جرد - ابراهيمية'!$X$7:$X$95,9),'جرد - ابراهيمية'!$X$7:$X$95,0)))
A54: =IF(LARGE('جرد - ابراهيمية'!$X$7:$X$95,10)<=0,"",INDEX('جرد - ابراهيمية'!$A$7:$A$95,MATCH(LARGE('جرد - ابراهيمية'!$X$7:$X$95,10),'جرد - ابراهيمية'!$X$7:$X$95,0))) | B54: =IF($A54="","",INDEX('جرد - ابراهيمية'!$M$7:$M$95,MATCH(LARGE('جرد - ابراهيمية'!$X$7:$X$95,10),'جرد - ابراهيمية'!$X$7:$X$95,0))) | C54: =IF($A54="","",INDEX('جرد - ابراهيمية'!$B$7:$B$95,MATCH(LARGE('جرد - ابراهيمية'!$X$7:$X$95,10),'جرد - ابراهيمية'!$X$7:$X$95,0))) | D54: =IF($A54="","",INDEX('جرد - ابراهيمية'!$O$7:$O$95,MATCH(LARGE('جرد - ابراهيمية'!$X$7:$X$95,10),'جرد - ابراهيمية'!$X$7:$X$95,0)))
A56: فرع عصافرة
A57: المكون | B57: الفرق (كمية) | C57: الوحدة | D57: قيمة العجز (جنيه)
A58: =IF(LARGE('جرد - عصافرة'!$X$7:$X$95,1)<=0,"",INDEX('جرد - عصافرة'!$A$7:$A$95,MATCH(LARGE('جرد - عصافرة'!$X$7:$X$95,1),'جرد - عصافرة'!$X$7:$X$95,0))) | B58: =IF($A58="","",INDEX('جرد - عصافرة'!$M$7:$M$95,MATCH(LARGE('جرد - عصافرة'!$X$7:$X$95,1),'جرد - عصافرة'!$X$7:$X$95,0))) | C58: =IF($A58="","",INDEX('جرد - عصافرة'!$B$7:$B$95,MATCH(LARGE('جرد - عصافرة'!$X$7:$X$95,1),'جرد - عصافرة'!$X$7:$X$95,0))) | D58: =IF($A58="","",INDEX('جرد - عصافرة'!$O$7:$O$95,MATCH(LARGE('جرد - عصافرة'!$X$7:$X$95,1),'جرد - عصافرة'!$X$7:$X$95,0)))
A59: =IF(LARGE('جرد - عصافرة'!$X$7:$X$95,2)<=0,"",INDEX('جرد - عصافرة'!$A$7:$A$95,MATCH(LARGE('جرد - عصافرة'!$X$7:$X$95,2),'جرد - عصافرة'!$X$7:$X$95,0))) | B59: =IF($A59="","",INDEX('جرد - عصافرة'!$M$7:$M$95,MATCH(LARGE('جرد - عصافرة'!$X$7:$X$95,2),'جرد - عصافرة'!$X$7:$X$95,0))) | C59: =IF($A59="","",INDEX('جرد - عصافرة'!$B$7:$B$95,MATCH(LARGE('جرد - عصافرة'!$X$7:$X$95,2),'جرد - عصافرة'!$X$7:$X$95,0))) | D59: =IF($A59="","",INDEX('جرد - عصافرة'!$O$7:$O$95,MATCH(LARGE('جرد - عصافرة'!$X$7:$X$95,2),'جرد - عصافرة'!$X$7:$X$95,0)))
A60: =IF(LARGE('جرد - عصافرة'!$X$7:$X$95,3)<=0,"",INDEX('جرد - عصافرة'!$A$7:$A$95,MATCH(LARGE('جرد - عصافرة'!$X$7:$X$95,3),'جرد - عصافرة'!$X$7:$X$95,0))) | B60: =IF($A60="","",INDEX('جرد - عصافرة'!$M$7:$M$95,MATCH(LARGE('جرد - عصافرة'!$X$7:$X$95,3),'جرد - عصافرة'!$X$7:$X$95,0))) | C60: =IF($A60="","",INDEX('جرد - عصافرة'!$B$7:$B$95,MATCH(LARGE('جرد - عصافرة'!$X$7:$X$95,3),'جرد - عصافرة'!$X$7:$X$95,0))) | D60: =IF($A60="","",INDEX('جرد - عصافرة'!$O$7:$O$95,MATCH(LARGE('جرد - عصافرة'!$X$7:$X$95,3),'جرد - عصافرة'!$X$7:$X$95,0)))
A61: =IF(LARGE('جرد - عصافرة'!$X$7:$X$95,4)<=0,"",INDEX('جرد - عصافرة'!$A$7:$A$95,MATCH(LARGE('جرد - عصافرة'!$X$7:$X$95,4),'جرد - عصافرة'!$X$7:$X$95,0))) | B61: =IF($A61="","",INDEX('جرد - عصافرة'!$M$7:$M$95,MATCH(LARGE('جرد - عصافرة'!$X$7:$X$95,4),'جرد - عصافرة'!$X$7:$X$95,0))) | C61: =IF($A61="","",INDEX('جرد - عصافرة'!$B$7:$B$95,MATCH(LARGE('جرد - عصافرة'!$X$7:$X$95,4),'جرد - عصافرة'!$X$7:$X$95,0))) | D61: =IF($A61="","",INDEX('جرد - عصافرة'!$O$7:$O$95,MATCH(LARGE('جرد - عصافرة'!$X$7:$X$95,4),'جرد - عصافرة'!$X$7:$X$95,0)))
A62: =IF(LARGE('جرد - عصافرة'!$X$7:$X$95,5)<=0,"",INDEX('جرد - عصافرة'!$A$7:$A$95,MATCH(LARGE('جرد - عصافرة'!$X$7:$X$95,5),'جرد - عصافرة'!$X$7:$X$95,0))) | B62: =IF($A62="","",INDEX('جرد - عصافرة'!$M$7:$M$95,MATCH(LARGE('جرد - عصافرة'!$X$7:$X$95,5),'جرد - عصافرة'!$X$7:$X$95,0))) | C62: =IF($A62="","",INDEX('جرد - عصافرة'!$B$7:$B$95,MATCH(LARGE('جرد - عصافرة'!$X$7:$X$95,5),'جرد - عصافرة'!$X$7:$X$95,0))) | D62: =IF($A62="","",INDEX('جرد - عصافرة'!$O$7:$O$95,MATCH(LARGE('جرد - عصافرة'!$X$7:$X$95,5),'جرد - عصافرة'!$X$7:$X$95,0)))
A63: =IF(LARGE('جرد - عصافرة'!$X$7:$X$95,6)<=0,"",INDEX('جرد - عصافرة'!$A$7:$A$95,MATCH(LARGE('جرد - عصافرة'!$X$7:$X$95,6),'جرد - عصافرة'!$X$7:$X$95,0))) | B63: =IF($A63="","",INDEX('جرد - عصافرة'!$M$7:$M$95,MATCH(LARGE('جرد - عصافرة'!$X$7:$X$95,6),'جرد - عصافرة'!$X$7:$X$95,0))) | C63: =IF($A63="","",INDEX('جرد - عصافرة'!$B$7:$B$95,MATCH(LARGE('جرد - عصافرة'!$X$7:$X$95,6),'جرد - عصافرة'!$X$7:$X$95,0))) | D63: =IF($A63="","",INDEX('جرد - عصافرة'!$O$7:$O$95,MATCH(LARGE('جرد - عصافرة'!$X$7:$X$95,6),'جرد - عصافرة'!$X$7:$X$95,0)))
A64: =IF(LARGE('جرد - عصافرة'!$X$7:$X$95,7)<=0,"",INDEX('جرد - عصافرة'!$A$7:$A$95,MATCH(LARGE('جرد - عصافرة'!$X$7:$X$95,7),'جرد - عصافرة'!$X$7:$X$95,0))) | B64: =IF($A64="","",INDEX('جرد - عصافرة'!$M$7:$M$95,MATCH(LARGE('جرد - عصافرة'!$X$7:$X$95,7),'جرد - عصافرة'!$X$7:$X$95,0))) | C64: =IF($A64="","",INDEX('جرد - عصافرة'!$B$7:$B$95,MATCH(LARGE('جرد - عصافرة'!$X$7:$X$95,7),'جرد - عصافرة'!$X$7:$X$95,0))) | D64: =IF($A64="","",INDEX('جرد - عصافرة'!$O$7:$O$95,MATCH(LARGE('جرد - عصافرة'!$X$7:$X$95,7),'جرد - عصافرة'!$X$7:$X$95,0)))
A65: =IF(LARGE('جرد - عصافرة'!$X$7:$X$95,8)<=0,"",INDEX('جرد - عصافرة'!$A$7:$A$95,MATCH(LARGE('جرد - عصافرة'!$X$7:$X$95,8),'جرد - عصافرة'!$X$7:$X$95,0))) | B65: =IF($A65="","",INDEX('جرد - عصافرة'!$M$7:$M$95,MATCH(LARGE('جرد - عصافرة'!$X$7:$X$95,8),'جرد - عصافرة'!$X$7:$X$95,0))) | C65: =IF($A65="","",INDEX('جرد - عصافرة'!$B$7:$B$95,MATCH(LARGE('جرد - عصافرة'!$X$7:$X$95,8),'جرد - عصافرة'!$X$7:$X$95,0))) | D65: =IF($A65="","",INDEX('جرد - عصافرة'!$O$7:$O$95,MATCH(LARGE('جرد - عصافرة'!$X$7:$X$95,8),'جرد - عصافرة'!$X$7:$X$95,0)))
A66: =IF(LARGE('جرد - عصافرة'!$X$7:$X$95,9)<=0,"",INDEX('جرد - عصافرة'!$A$7:$A$95,MATCH(LARGE('جرد - عصافرة'!$X$7:$X$95,9),'جرد - عصافرة'!$X$7:$X$95,0))) | B66: =IF($A66="","",INDEX('جرد - عصافرة'!$M$7:$M$95,MATCH(LARGE('جرد - عصافرة'!$X$7:$X$95,9),'جرد - عصافرة'!$X$7:$X$95,0))) | C66: =IF($A66="","",INDEX('جرد - عصافرة'!$B$7:$B$95,MATCH(LARGE('جرد - عصافرة'!$X$7:$X$95,9),'جرد - عصافرة'!$X$7:$X$95,0))) | D66: =IF($A66="","",INDEX('جرد - عصافرة'!$O$7:$O$95,MATCH(LARGE('جرد - عصافرة'!$X$7:$X$95,9),'جرد - عصافرة'!$X$7:$X$95,0)))
A67: =IF(LARGE('جرد - عصافرة'!$X$7:$X$95,10)<=0,"",INDEX('جرد - عصافرة'!$A$7:$A$95,MATCH(LARGE('جرد - عصافرة'!$X$7:$X$95,10),'جرد - عصافرة'!$X$7:$X$95,0))) | B67: =IF($A67="","",INDEX('جرد - عصافرة'!$M$7:$M$95,MATCH(LARGE('جرد - عصافرة'!$X$7:$X$95,10),'جرد - عصافرة'!$X$7:$X$95,0))) | C67: =IF($A67="","",INDEX('جرد - عصافرة'!$B$7:$B$95,MATCH(LARGE('جرد - عصافرة'!$X$7:$X$95,10),'جرد - عصافرة'!$X$7:$X$95,0))) | D67: =IF($A67="","",INDEX('جرد - عصافرة'!$O$7:$O$95,MATCH(LARGE('جرد - عصافرة'!$X$7:$X$95,10),'جرد - عصافرة'!$X$7:$X$95,0)))
A70: اتجاه يومي (الشهر كامل)
A71: التاريخ | B71: إيراد محرم بك | C71: إيراد ابراهيمية | D71: إيراد عصافرة | E71: إجمالي الإيراد | F71: إجمالي المشتريات | G71: تكلفة نظرية
A72: ='إعدادات المخزون'!$B$5+0 -> 46296 | B72: =SUMIFS('مبيعات يومية'!$F$2:$F$14001,'مبيعات يومية'!$B$2:$B$14001,'إعدادات المخزون'!$A$15,'مبيعات يومية'!$A$2:$A$14001,$A72) -> 25466.228 | C72: =SUMIFS('مبيعات يومية'!$F$2:$F$14001,'مبيعات يومية'!$B$2:$B$14001,'إعدادات المخزون'!$A$16,'مبيعات يومية'!$A$2:$A$14001,$A72) -> 23196.761 | D72: =SUMIFS('مبيعات يومية'!$F$2:$F$14001,'مبيعات يومية'!$B$2:$B$14001,'إعدادات المخزون'!$A$17,'مبيعات يومية'!$A$2:$A$14001,$A72) -> 26153.319 | E72: =SUM(B72:D72) -> 74816.308 | F72: =SUMIFS('مشتريات يومية'!$E$2:$E$4001,'مشتريات يومية'!$A$2:$A$4001,$A72) -> 488165.53 | G72: =SUMIFS('مبيعات يومية'!$G$2:$G$14001,'مبيعات يومية'!$A$2:$A$14001,$A72) -> 40665.773
A73: ='إعدادات المخزون'!$B$5+1 -> 46297 | B73: =SUMIFS('مبيعات يومية'!$F$2:$F$14001,'مبيعات يومية'!$B$2:$B$14001,'إعدادات المخزون'!$A$15,'مبيعات يومية'!$A$2:$A$14001,$A73) -> 25466.228 | C73: =SUMIFS('مبيعات يومية'!$F$2:$F$14001,'مبيعات يومية'!$B$2:$B$14001,'إعدادات المخزون'!$A$16,'مبيعات يومية'!$A$2:$A$14001,$A73) -> 23196.761 | D73: =SUMIFS('مبيعات يومية'!$F$2:$F$14001,'مبيعات يومية'!$B$2:$B$14001,'إعدادات المخزون'!$A$17,'مبيعات يومية'!$A$2:$A$14001,$A73) -> 26153.319 | E73: =SUM(B73:D73) -> 74816.308 | F73: =SUMIFS('مشتريات يومية'!$E$2:$E$4001,'مشتريات يومية'!$A$2:$A$4001,$A73) -> 0 | G73: =SUMIFS('مبيعات يومية'!$G$2:$G$14001,'مبيعات يومية'!$A$2:$A$14001,$A73) -> 40665.773
A74: ='إعدادات المخزون'!$B$5+2 -> 46298 | B74: =SUMIFS('مبيعات يومية'!$F$2:$F$14001,'مبيعات يومية'!$B$2:$B$14001,'إعدادات المخزون'!$A$15,'مبيعات يومية'!$A$2:$A$14001,$A74) -> 25466.228 | C74: =SUMIFS('مبيعات يومية'!$F$2:$F$14001,'مبيعات يومية'!$B$2:$B$14001,'إعدادات المخزون'!$A$16,'مبيعات يومية'!$A$2:$A$14001,$A74) -> 23196.761 | D74: =SUMIFS('مبيعات يومية'!$F$2:$F$14001,'مبيعات يومية'!$B$2:$B$14001,'إعدادات المخزون'!$A$17,'مبيعات يومية'!$A$2:$A$14001,$A74) -> 26153.319 | E74: =SUM(B74:D74) -> 74816.308 | F74: =SUMIFS('مشتريات يومية'!$E$2:$E$4001,'مشتريات يومية'!$A$2:$A$4001,$A74) -> 0 | G74: =SUMIFS('مبيعات يومية'!$G$2:$G$14001,'مبيعات يومية'!$A$2:$A$14001,$A74) -> 40665.773
A75: ='إعدادات المخزون'!$B$5+3 -> 46299 | B75: =SUMIFS('مبيعات يومية'!$F$2:$F$14001,'مبيعات يومية'!$B$2:$B$14001,'إعدادات المخزون'!$A$15,'مبيعات يومية'!$A$2:$A$14001,$A75) -> 25466.228 | C75: =SUMIFS('مبيعات يومية'!$F$2:$F$14001,'مبيعات يومية'!$B$2:$B$14001,'إعدادات المخزون'!$A$16,'مبيعات يومية'!$A$2:$A$14001,$A75) -> 23196.761 | D75: =SUMIFS('مبيعات يومية'!$F$2:$F$14001,'مبيعات يومية'!$B$2:$B$14001,'إعدادات المخزون'!$A$17,'مبيعات يومية'!$A$2:$A$14001,$A75) -> 26153.319 | E75: =SUM(B75:D75) -> 74816.308 | F75: =SUMIFS('مشتريات يومية'!$E$2:$E$4001,'مشتريات يومية'!$A$2:$A$4001,$A75) -> 0 | G75: =SUMIFS('مبيعات يومية'!$G$2:$G$14001,'مبيعات يومية'!$A$2:$A$14001,$A75) -> 40665.773
A76: ='إعدادات المخزون'!$B$5+4 -> 46300 | B76: =SUMIFS('مبيعات يومية'!$F$2:$F$14001,'مبيعات يومية'!$B$2:$B$14001,'إعدادات المخزون'!$A$15,'مبيعات يومية'!$A$2:$A$14001,$A76) -> 25466.228 | C76: =SUMIFS('مبيعات يومية'!$F$2:$F$14001,'مبيعات يومية'!$B$2:$B$14001,'إعدادات المخزون'!$A$16,'مبيعات يومية'!$A$2:$A$14001,$A76) -> 23196.761 | D76: =SUMIFS('مبيعات يومية'!$F$2:$F$14001,'مبيعات يومية'!$B$2:$B$14001,'إعدادات المخزون'!$A$17,'مبيعات يومية'!$A$2:$A$14001,$A76) -> 26153.319 | E76: =SUM(B76:D76) -> 74816.308 | F76: =SUMIFS('مشتريات يومية'!$E$2:$E$4001,'مشتريات يومية'!$A$2:$A$4001,$A76) -> 0 | G76: =SUMIFS('مبيعات يومية'!$G$2:$G$14001,'مبيعات يومية'!$A$2:$A$14001,$A76) -> 40665.773
A77: ='إعدادات المخزون'!$B$5+5 -> 46301 | B77: =SUMIFS('مبيعات يومية'!$F$2:$F$14001,'مبيعات يومية'!$B$2:$B$14001,'إعدادات المخزون'!$A$15,'مبيعات يومية'!$A$2:$A$14001,$A77) -> 25466.228 | C77: =SUMIFS('مبيعات يومية'!$F$2:$F$14001,'مبيعات يومية'!$B$2:$B$14001,'إعدادات المخزون'!$A$16,'مبيعات يومية'!$A$2:$A$14001,$A77) -> 23196.761 | D77: =SUMIFS('مبيعات يومية'!$F$2:$F$14001,'مبيعات يومية'!$B$2:$B$14001,'إعدادات المخزون'!$A$17,'مبيعات يومية'!$A$2:$A$14001,$A77) -> 26153.319 | E77: =SUM(B77:D77) -> 74816.308 | F77: =SUMIFS('مشتريات يومية'!$E$2:$E$4001,'مشتريات يومية'!$A$2:$A$4001,$A77) -> 0 | G77: =SUMIFS('مبيعات يومية'!$G$2:$G$14001,'مبيعات يومية'!$A$2:$A$14001,$A77) -> 40665.773
A78: ='إعدادات المخزون'!$B$5+6 -> 46302 | B78: =SUMIFS('مبيعات يومية'!$F$2:$F$14001,'مبيعات يومية'!$B$2:$B$14001,'إعدادات المخزون'!$A$15,'مبيعات يومية'!$A$2:$A$14001,$A78) -> 25466.228 | C78: =SUMIFS('مبيعات يومية'!$F$2:$F$14001,'مبيعات يومية'!$B$2:$B$14001,'إعدادات المخزون'!$A$16,'مبيعات يومية'!$A$2:$A$14001,$A78) -> 23196.761 | D78: =SUMIFS('مبيعات يومية'!$F$2:$F$14001,'مبيعات يومية'!$B$2:$B$14001,'إعدادات المخزون'!$A$17,'مبيعات يومية'!$A$2:$A$14001,$A78) -> 26153.319 | E78: =SUM(B78:D78) -> 74816.308 | F78: =SUMIFS('مشتريات يومية'!$E$2:$E$4001,'مشتريات يومية'!$A$2:$A$4001,$A78) -> 0 | G78: =SUMIFS('مبيعات يومية'!$G$2:$G$14001,'مبيعات يومية'!$A$2:$A$14001,$A78) -> 40665.773
A79: ='إعدادات المخزون'!$B$5+7 -> 46303 | B79: =SUMIFS('مبيعات يومية'!$F$2:$F$14001,'مبيعات يومية'!$B$2:$B$14001,'إعدادات المخزون'!$A$15,'مبيعات يومية'!$A$2:$A$14001,$A79) -> 25466.228 | C79: =SUMIFS('مبيعات يومية'!$F$2:$F$14001,'مبيعات يومية'!$B$2:$B$14001,'إعدادات المخزون'!$A$16,'مبيعات يومية'!$A$2:$A$14001,$A79) -> 23196.761 | D79: =SUMIFS('مبيعات يومية'!$F$2:$F$14001,'مبيعات يومية'!$B$2:$B$14001,'إعدادات المخزون'!$A$17,'مبيعات يومية'!$A$2:$A$14001,$A79) -> 26153.319 | E79: =SUM(B79:D79) -> 74816.308 | F79: =SUMIFS('مشتريات يومية'!$E$2:$E$4001,'مشتريات يومية'!$A$2:$A$4001,$A79) -> 0 | G79: =SUMIFS('مبيعات يومية'!$G$2:$G$14001,'مبيعات يومية'!$A$2:$A$14001,$A79) -> 40665.773
A80: ='إعدادات المخزون'!$B$5+8 -> 46304 | B80: =SUMIFS('مبيعات يومية'!$F$2:$F$14001,'مبيعات يومية'!$B$2:$B$14001,'إعدادات المخزون'!$A$15,'مبيعات يومية'!$A$2:$A$14001,$A80) -> 25466.228 | C80: =SUMIFS('مبيعات يومية'!$F$2:$F$14001,'مبيعات يومية'!$B$2:$B$14001,'إعدادات المخزون'!$A$16,'مبيعات يومية'!$A$2:$A$14001,$A80) -> 23196.761 | D80: =SUMIFS('مبيعات يومية'!$F$2:$F$14001,'مبيعات يومية'!$B$2:$B$14001,'إعدادات المخزون'!$A$17,'مبيعات يومية'!$A$2:$A$14001,$A80) -> 26153.319 | E80: =SUM(B80:D80) -> 74816.308 | F80: =SUMIFS('مشتريات يومية'!$E$2:$E$4001,'مشتريات يومية'!$A$2:$A$4001,$A80) -> 0 | G80: =SUMIFS('مبيعات يومية'!$G$2:$G$14001,'مبيعات يومية'!$A$2:$A$14001,$A80) -> 40665.773
A81: ='إعدادات المخزون'!$B$5+9 -> 46305 | B81: =SUMIFS('مبيعات يومية'!$F$2:$F$14001,'مبيعات يومية'!$B$2:$B$14001,'إعدادات المخزون'!$A$15,'مبيعات يومية'!$A$2:$A$14001,$A81) -> 25466.228 | C81: =SUMIFS('مبيعات يومية'!$F$2:$F$14001,'مبيعات يومية'!$B$2:$B$14001,'إعدادات المخزون'!$A$16,'مبيعات يومية'!$A$2:$A$14001,$A81) -> 23196.761 | D81: =SUMIFS('مبيعات يومية'!$F$2:$F$14001,'مبيعات يومية'!$B$2:$B$14001,'إعدادات المخزون'!$A$17,'مبيعات يومية'!$A$2:$A$14001,$A81) -> 26153.319 | E81: =SUM(B81:D81) -> 74816.308 | F81: =SUMIFS('مشتريات يومية'!$E$2:$E$4001,'مشتريات يومية'!$A$2:$A$4001,$A81) -> 0 | G81: =SUMIFS('مبيعات يومية'!$G$2:$G$14001,'مبيعات يومية'!$A$2:$A$14001,$A81) -> 40665.773
A82: ='إعدادات المخزون'!$B$5+10 -> 46306 | B82: =SUMIFS('مبيعات يومية'!$F$2:$F$14001,'مبيعات يومية'!$B$2:$B$14001,'إعدادات المخزون'!$A$15,'مبيعات يومية'!$A$2:$A$14001,$A82) -> 25466.228 | C82: =SUMIFS('مبيعات يومية'!$F$2:$F$14001,'مبيعات يومية'!$B$2:$B$14001,'إعدادات المخزون'!$A$16,'مبيعات يومية'!$A$2:$A$14001,$A82) -> 23196.761 | D82: =SUMIFS('مبيعات يومية'!$F$2:$F$14001,'مبيعات يومية'!$B$2:$B$14001,'إعدادات المخزون'!$A$17,'مبيعات يومية'!$A$2:$A$14001,$A82) -> 26153.319 | E82: =SUM(B82:D82) -> 74816.308 | F82: =SUMIFS('مشتريات يومية'!$E$2:$E$4001,'مشتريات يومية'!$A$2:$A$4001,$A82) -> 0 | G82: =SUMIFS('مبيعات يومية'!$G$2:$G$14001,'مبيعات يومية'!$A$2:$A$14001,$A82) -> 40665.773
A83: ='إعدادات المخزون'!$B$5+11 -> 46307 | B83: =SUMIFS('مبيعات يومية'!$F$2:$F$14001,'مبيعات يومية'!$B$2:$B$14001,'إعدادات المخزون'!$A$15,'مبيعات يومية'!$A$2:$A$14001,$A83) -> 25466.228 | C83: =SUMIFS('مبيعات يومية'!$F$2:$F$14001,'مبيعات يومية'!$B$2:$B$14001,'إعدادات المخزون'!$A$16,'مبيعات يومية'!$A$2:$A$14001,$A83) -> 23196.761 | D83: =SUMIFS('مبيعات يومية'!$F$2:$F$14001,'مبيعات يومية'!$B$2:$B$14001,'إعدادات المخزون'!$A$17,'مبيعات يومية'!$A$2:$A$14001,$A83) -> 26153.319 | E83: =SUM(B83:D83) -> 74816.308 | F83: =SUMIFS('مشتريات يومية'!$E$2:$E$4001,'مشتريات يومية'!$A$2:$A$4001,$A83) -> 0 | G83: =SUMIFS('مبيعات يومية'!$G$2:$G$14001,'مبيعات يومية'!$A$2:$A$14001,$A83) -> 40665.773
A84: ='إعدادات المخزون'!$B$5+12 -> 46308 | B84: =SUMIFS('مبيعات يومية'!$F$2:$F$14001,'مبيعات يومية'!$B$2:$B$14001,'إعدادات المخزون'!$A$15,'مبيعات يومية'!$A$2:$A$14001,$A84) -> 0 | C84: =SUMIFS('مبيعات يومية'!$F$2:$F$14001,'مبيعات يومية'!$B$2:$B$14001,'إعدادات المخزون'!$A$16,'مبيعات يومية'!$A$2:$A$14001,$A84) -> 0 | D84: =SUMIFS('مبيعات يومية'!$F$2:$F$14001,'مبيعات يومية'!$B$2:$B$14001,'إعدادات المخزون'!$A$17,'مبيعات يومية'!$A$2:$A$14001,$A84) -> 0 | E84: =SUM(B84:D84) -> 0 | F84: =SUMIFS('مشتريات يومية'!$E$2:$E$4001,'مشتريات يومية'!$A$2:$A$4001,$A84) -> 0 | G84: =SUMIFS('مبيعات يومية'!$G$2:$G$14001,'مبيعات يومية'!$A$2:$A$14001,$A84) -> 0
A85: ='إعدادات المخزون'!$B$5+13 -> 46309 | B85: =SUMIFS('مبيعات يومية'!$F$2:$F$14001,'مبيعات يومية'!$B$2:$B$14001,'إعدادات المخزون'!$A$15,'مبيعات يومية'!$A$2:$A$14001,$A85) -> 0 | C85: =SUMIFS('مبيعات يومية'!$F$2:$F$14001,'مبيعات يومية'!$B$2:$B$14001,'إعدادات المخزون'!$A$16,'مبيعات يومية'!$A$2:$A$14001,$A85) -> 0 | D85: =SUMIFS('مبيعات يومية'!$F$2:$F$14001,'مبيعات يومية'!$B$2:$B$14001,'إعدادات المخزون'!$A$17,'مبيعات يومية'!$A$2:$A$14001,$A85) -> 0 | E85: =SUM(B85:D85) -> 0 | F85: =SUMIFS('مشتريات يومية'!$E$2:$E$4001,'مشتريات يومية'!$A$2:$A$4001,$A85) -> 0 | G85: =SUMIFS('مبيعات يومية'!$G$2:$G$14001,'مبيعات يومية'!$A$2:$A$14001,$A85) -> 0
A86: ='إعدادات المخزون'!$B$5+14 -> 46310 | B86: =SUMIFS('مبيعات يومية'!$F$2:$F$14001,'مبيعات يومية'!$B$2:$B$14001,'إعدادات المخزون'!$A$15,'مبيعات يومية'!$A$2:$A$14001,$A86) -> 0 | C86: =SUMIFS('مبيعات يومية'!$F$2:$F$14001,'مبيعات يومية'!$B$2:$B$14001,'إعدادات المخزون'!$A$16,'مبيعات يومية'!$A$2:$A$14001,$A86) -> 0 | D86: =SUMIFS('مبيعات يومية'!$F$2:$F$14001,'مبيعات يومية'!$B$2:$B$14001,'إعدادات المخزون'!$A$17,'مبيعات يومية'!$A$2:$A$14001,$A86) -> 0 | E86: =SUM(B86:D86) -> 0 | F86: =SUMIFS('مشتريات يومية'!$E$2:$E$4001,'مشتريات يومية'!$A$2:$A$4001,$A86) -> 0 | G86: =SUMIFS('مبيعات يومية'!$G$2:$G$14001,'مبيعات يومية'!$A$2:$A$14001,$A86) -> 0
A87: ='إعدادات المخزون'!$B$5+15 -> 46311 | B87: =SUMIFS('مبيعات يومية'!$F$2:$F$14001,'مبيعات يومية'!$B$2:$B$14001,'إعدادات المخزون'!$A$15,'مبيعات يومية'!$A$2:$A$14001,$A87) -> 0 | C87: =SUMIFS('مبيعات يومية'!$F$2:$F$14001,'مبيعات يومية'!$B$2:$B$14001,'إعدادات المخزون'!$A$16,'مبيعات يومية'!$A$2:$A$14001,$A87) -> 0 | D87: =SUMIFS('مبيعات يومية'!$F$2:$F$14001,'مبيعات يومية'!$B$2:$B$14001,'إعدادات المخزون'!$A$17,'مبيعات يومية'!$A$2:$A$14001,$A87) -> 0 | E87: =SUM(B87:D87) -> 0 | F87: =SUMIFS('مشتريات يومية'!$E$2:$E$4001,'مشتريات يومية'!$A$2:$A$4001,$A87) -> 0 | G87: =SUMIFS('مبيعات يومية'!$G$2:$G$14001,'مبيعات يومية'!$A$2:$A$14001,$A87) -> 0
A88: ='إعدادات المخزون'!$B$5+16 -> 46312 | B88: =SUMIFS('مبيعات يومية'!$F$2:$F$14001,'مبيعات يومية'!$B$2:$B$14001,'إعدادات المخزون'!$A$15,'مبيعات يومية'!$A$2:$A$14001,$A88) -> 0 | C88: =SUMIFS('مبيعات يومية'!$F$2:$F$14001,'مبيعات يومية'!$B$2:$B$14001,'إعدادات المخزون'!$A$16,'مبيعات يومية'!$A$2:$A$14001,$A88) -> 0 | D88: =SUMIFS('مبيعات يومية'!$F$2:$F$14001,'مبيعات يومية'!$B$2:$B$14001,'إعدادات المخزون'!$A$17,'مبيعات يومية'!$A$2:$A$14001,$A88) -> 0 | E88: =SUM(B88:D88) -> 0 | F88: =SUMIFS('مشتريات يومية'!$E$2:$E$4001,'مشتريات يومية'!$A$2:$A$4001,$A88) -> 0 | G88: =SUMIFS('مبيعات يومية'!$G$2:$G$14001,'مبيعات يومية'!$A$2:$A$14001,$A88) -> 0
A89: ='إعدادات المخزون'!$B$5+17 -> 46313 | B89: =SUMIFS('مبيعات يومية'!$F$2:$F$14001,'مبيعات يومية'!$B$2:$B$14001,'إعدادات المخزون'!$A$15,'مبيعات يومية'!$A$2:$A$14001,$A89) -> 0 | C89: =SUMIFS('مبيعات يومية'!$F$2:$F$14001,'مبيعات يومية'!$B$2:$B$14001,'إعدادات المخزون'!$A$16,'مبيعات يومية'!$A$2:$A$14001,$A89) -> 0 | D89: =SUMIFS('مبيعات يومية'!$F$2:$F$14001,'مبيعات يومية'!$B$2:$B$14001,'إعدادات المخزون'!$A$17,'مبيعات يومية'!$A$2:$A$14001,$A89) -> 0 | E89: =SUM(B89:D89) -> 0 | F89: =SUMIFS('مشتريات يومية'!$E$2:$E$4001,'مشتريات يومية'!$A$2:$A$4001,$A89) -> 0 | G89: =SUMIFS('مبيعات يومية'!$G$2:$G$14001,'مبيعات يومية'!$A$2:$A$14001,$A89) -> 0
A90: ='إعدادات المخزون'!$B$5+18 -> 46314 | B90: =SUMIFS('مبيعات يومية'!$F$2:$F$14001,'مبيعات يومية'!$B$2:$B$14001,'إعدادات المخزون'!$A$15,'مبيعات يومية'!$A$2:$A$14001,$A90) -> 0 | C90: =SUMIFS('مبيعات يومية'!$F$2:$F$14001,'مبيعات يومية'!$B$2:$B$14001,'إعدادات المخزون'!$A$16,'مبيعات يومية'!$A$2:$A$14001,$A90) -> 0 | D90: =SUMIFS('مبيعات يومية'!$F$2:$F$14001,'مبيعات يومية'!$B$2:$B$14001,'إعدادات المخزون'!$A$17,'مبيعات يومية'!$A$2:$A$14001,$A90) -> 0 | E90: =SUM(B90:D90) -> 0 | F90: =SUMIFS('مشتريات يومية'!$E$2:$E$4001,'مشتريات يومية'!$A$2:$A$4001,$A90) -> 0 | G90: =SUMIFS('مبيعات يومية'!$G$2:$G$14001,'مبيعات يومية'!$A$2:$A$14001,$A90) -> 0
A91: ='إعدادات المخزون'!$B$5+19 -> 46315 | B91: =SUMIFS('مبيعات يومية'!$F$2:$F$14001,'مبيعات يومية'!$B$2:$B$14001,'إعدادات المخزون'!$A$15,'مبيعات يومية'!$A$2:$A$14001,$A91) -> 0 | C91: =SUMIFS('مبيعات يومية'!$F$2:$F$14001,'مبيعات يومية'!$B$2:$B$14001,'إعدادات المخزون'!$A$16,'مبيعات يومية'!$A$2:$A$14001,$A91) -> 0 | D91: =SUMIFS('مبيعات يومية'!$F$2:$F$14001,'مبيعات يومية'!$B$2:$B$14001,'إعدادات المخزون'!$A$17,'مبيعات يومية'!$A$2:$A$14001,$A91) -> 0 | E91: =SUM(B91:D91) -> 0 | F91: =SUMIFS('مشتريات يومية'!$E$2:$E$4001,'مشتريات يومية'!$A$2:$A$4001,$A91) -> 0 | G91: =SUMIFS('مبيعات يومية'!$G$2:$G$14001,'مبيعات يومية'!$A$2:$A$14001,$A91) -> 0
A92: ='إعدادات المخزون'!$B$5+20 -> 46316 | B92: =SUMIFS('مبيعات يومية'!$F$2:$F$14001,'مبيعات يومية'!$B$2:$B$14001,'إعدادات المخزون'!$A$15,'مبيعات يومية'!$A$2:$A$14001,$A92) -> 0 | C92: =SUMIFS('مبيعات يومية'!$F$2:$F$14001,'مبيعات يومية'!$B$2:$B$14001,'إعدادات المخزون'!$A$16,'مبيعات يومية'!$A$2:$A$14001,$A92) -> 0 | D92: =SUMIFS('مبيعات يومية'!$F$2:$F$14001,'مبيعات يومية'!$B$2:$B$14001,'إعدادات المخزون'!$A$17,'مبيعات يومية'!$A$2:$A$14001,$A92) -> 0 | E92: =SUM(B92:D92) -> 0 | F92: =SUMIFS('مشتريات يومية'!$E$2:$E$4001,'مشتريات يومية'!$A$2:$A$4001,$A92) -> 0 | G92: =SUMIFS('مبيعات يومية'!$G$2:$G$14001,'مبيعات يومية'!$A$2:$A$14001,$A92) -> 0
A93: ='إعدادات المخزون'!$B$5+21 -> 46317 | B93: =SUMIFS('مبيعات يومية'!$F$2:$F$14001,'مبيعات يومية'!$B$2:$B$14001,'إعدادات المخزون'!$A$15,'مبيعات يومية'!$A$2:$A$14001,$A93) -> 0 | C93: =SUMIFS('مبيعات يومية'!$F$2:$F$14001,'مبيعات يومية'!$B$2:$B$14001,'إعدادات المخزون'!$A$16,'مبيعات يومية'!$A$2:$A$14001,$A93) -> 0 | D93: =SUMIFS('مبيعات يومية'!$F$2:$F$14001,'مبيعات يومية'!$B$2:$B$14001,'إعدادات المخزون'!$A$17,'مبيعات يومية'!$A$2:$A$14001,$A93) -> 0 | E93: =SUM(B93:D93) -> 0 | F93: =SUMIFS('مشتريات يومية'!$E$2:$E$4001,'مشتريات يومية'!$A$2:$A$4001,$A93) -> 0 | G93: =SUMIFS('مبيعات يومية'!$G$2:$G$14001,'مبيعات يومية'!$A$2:$A$14001,$A93) -> 0
A94: ='إعدادات المخزون'!$B$5+22 -> 46318 | B94: =SUMIFS('مبيعات يومية'!$F$2:$F$14001,'مبيعات يومية'!$B$2:$B$14001,'إعدادات المخزون'!$A$15,'مبيعات يومية'!$A$2:$A$14001,$A94) -> 0 | C94: =SUMIFS('مبيعات يومية'!$F$2:$F$14001,'مبيعات يومية'!$B$2:$B$14001,'إعدادات المخزون'!$A$16,'مبيعات يومية'!$A$2:$A$14001,$A94) -> 0 | D94: =SUMIFS('مبيعات يومية'!$F$2:$F$14001,'مبيعات يومية'!$B$2:$B$14001,'إعدادات المخزون'!$A$17,'مبيعات يومية'!$A$2:$A$14001,$A94) -> 0 | E94: =SUM(B94:D94) -> 0 | F94: =SUMIFS('مشتريات يومية'!$E$2:$E$4001,'مشتريات يومية'!$A$2:$A$4001,$A94) -> 0 | G94: =SUMIFS('مبيعات يومية'!$G$2:$G$14001,'مبيعات يومية'!$A$2:$A$14001,$A94) -> 0
A95: ='إعدادات المخزون'!$B$5+23 -> 46319 | B95: =SUMIFS('مبيعات يومية'!$F$2:$F$14001,'مبيعات يومية'!$B$2:$B$14001,'إعدادات المخزون'!$A$15,'مبيعات يومية'!$A$2:$A$14001,$A95) -> 0 | C95: =SUMIFS('مبيعات يومية'!$F$2:$F$14001,'مبيعات يومية'!$B$2:$B$14001,'إعدادات المخزون'!$A$16,'مبيعات يومية'!$A$2:$A$14001,$A95) -> 0 | D95: =SUMIFS('مبيعات يومية'!$F$2:$F$14001,'مبيعات يومية'!$B$2:$B$14001,'إعدادات المخزون'!$A$17,'مبيعات يومية'!$A$2:$A$14001,$A95) -> 0 | E95: =SUM(B95:D95) -> 0 | F95: =SUMIFS('مشتريات يومية'!$E$2:$E$4001,'مشتريات يومية'!$A$2:$A$4001,$A95) -> 0 | G95: =SUMIFS('مبيعات يومية'!$G$2:$G$14001,'مبيعات يومية'!$A$2:$A$14001,$A95) -> 0
A96: ='إعدادات المخزون'!$B$5+24 -> 46320 | B96: =SUMIFS('مبيعات يومية'!$F$2:$F$14001,'مبيعات يومية'!$B$2:$B$14001,'إعدادات المخزون'!$A$15,'مبيعات يومية'!$A$2:$A$14001,$A96) -> 0 | C96: =SUMIFS('مبيعات يومية'!$F$2:$F$14001,'مبيعات يومية'!$B$2:$B$14001,'إعدادات المخزون'!$A$16,'مبيعات يومية'!$A$2:$A$14001,$A96) -> 0 | D96: =SUMIFS('مبيعات يومية'!$F$2:$F$14001,'مبيعات يومية'!$B$2:$B$14001,'إعدادات المخزون'!$A$17,'مبيعات يومية'!$A$2:$A$14001,$A96) -> 0 | E96: =SUM(B96:D96) -> 0 | F96: =SUMIFS('مشتريات يومية'!$E$2:$E$4001,'مشتريات يومية'!$A$2:$A$4001,$A96) -> 0 | G96: =SUMIFS('مبيعات يومية'!$G$2:$G$14001,'مبيعات يومية'!$A$2:$A$14001,$A96) -> 0
A97: ='إعدادات المخزون'!$B$5+25 -> 46321 | B97: =SUMIFS('مبيعات يومية'!$F$2:$F$14001,'مبيعات يومية'!$B$2:$B$14001,'إعدادات المخزون'!$A$15,'مبيعات يومية'!$A$2:$A$14001,$A97) -> 0 | C97: =SUMIFS('مبيعات يومية'!$F$2:$F$14001,'مبيعات يومية'!$B$2:$B$14001,'إعدادات المخزون'!$A$16,'مبيعات يومية'!$A$2:$A$14001,$A97) -> 0 | D97: =SUMIFS('مبيعات يومية'!$F$2:$F$14001,'مبيعات يومية'!$B$2:$B$14001,'إعدادات المخزون'!$A$17,'مبيعات يومية'!$A$2:$A$14001,$A97) -> 0 | E97: =SUM(B97:D97) -> 0 | F97: =SUMIFS('مشتريات يومية'!$E$2:$E$4001,'مشتريات يومية'!$A$2:$A$4001,$A97) -> 0 | G97: =SUMIFS('مبيعات يومية'!$G$2:$G$14001,'مبيعات يومية'!$A$2:$A$14001,$A97) -> 0
A98: ='إعدادات المخزون'!$B$5+26 -> 46322 | B98: =SUMIFS('مبيعات يومية'!$F$2:$F$14001,'مبيعات يومية'!$B$2:$B$14001,'إعدادات المخزون'!$A$15,'مبيعات يومية'!$A$2:$A$14001,$A98) -> 0 | C98: =SUMIFS('مبيعات يومية'!$F$2:$F$14001,'مبيعات يومية'!$B$2:$B$14001,'إعدادات المخزون'!$A$16,'مبيعات يومية'!$A$2:$A$14001,$A98) -> 0 | D98: =SUMIFS('مبيعات يومية'!$F$2:$F$14001,'مبيعات يومية'!$B$2:$B$14001,'إعدادات المخزون'!$A$17,'مبيعات يومية'!$A$2:$A$14001,$A98) -> 0 | E98: =SUM(B98:D98) -> 0 | F98: =SUMIFS('مشتريات يومية'!$E$2:$E$4001,'مشتريات يومية'!$A$2:$A$4001,$A98) -> 0 | G98: =SUMIFS('مبيعات يومية'!$G$2:$G$14001,'مبيعات يومية'!$A$2:$A$14001,$A98) -> 0
A99: ='إعدادات المخزون'!$B$5+27 -> 46323 | B99: =SUMIFS('مبيعات يومية'!$F$2:$F$14001,'مبيعات يومية'!$B$2:$B$14001,'إعدادات المخزون'!$A$15,'مبيعات يومية'!$A$2:$A$14001,$A99) -> 0 | C99: =SUMIFS('مبيعات يومية'!$F$2:$F$14001,'مبيعات يومية'!$B$2:$B$14001,'إعدادات المخزون'!$A$16,'مبيعات يومية'!$A$2:$A$14001,$A99) -> 0 | D99: =SUMIFS('مبيعات يومية'!$F$2:$F$14001,'مبيعات يومية'!$B$2:$B$14001,'إعدادات المخزون'!$A$17,'مبيعات يومية'!$A$2:$A$14001,$A99) -> 0 | E99: =SUM(B99:D99) -> 0 | F99: =SUMIFS('مشتريات يومية'!$E$2:$E$4001,'مشتريات يومية'!$A$2:$A$4001,$A99) -> 0 | G99: =SUMIFS('مبيعات يومية'!$G$2:$G$14001,'مبيعات يومية'!$A$2:$A$14001,$A99) -> 0
A100: ='إعدادات المخزون'!$B$5+28 -> 46324 | B100: =SUMIFS('مبيعات يومية'!$F$2:$F$14001,'مبيعات يومية'!$B$2:$B$14001,'إعدادات المخزون'!$A$15,'مبيعات يومية'!$A$2:$A$14001,$A100) -> 0 | C100: =SUMIFS('مبيعات يومية'!$F$2:$F$14001,'مبيعات يومية'!$B$2:$B$14001,'إعدادات المخزون'!$A$16,'مبيعات يومية'!$A$2:$A$14001,$A100) -> 0 | D100: =SUMIFS('مبيعات يومية'!$F$2:$F$14001,'مبيعات يومية'!$B$2:$B$14001,'إعدادات المخزون'!$A$17,'مبيعات يومية'!$A$2:$A$14001,$A100) -> 0 | E100: =SUM(B100:D100) -> 0 | F100: =SUMIFS('مشتريات يومية'!$E$2:$E$4001,'مشتريات يومية'!$A$2:$A$4001,$A100) -> 0 | G100: =SUMIFS('مبيعات يومية'!$G$2:$G$14001,'مبيعات يومية'!$A$2:$A$14001,$A100) -> 0
A101: ='إعدادات المخزون'!$B$5+29 -> 46325 | B101: =SUMIFS('مبيعات يومية'!$F$2:$F$14001,'مبيعات يومية'!$B$2:$B$14001,'إعدادات المخزون'!$A$15,'مبيعات يومية'!$A$2:$A$14001,$A101) -> 0 | C101: =SUMIFS('مبيعات يومية'!$F$2:$F$14001,'مبيعات يومية'!$B$2:$B$14001,'إعدادات المخزون'!$A$16,'مبيعات يومية'!$A$2:$A$14001,$A101) -> 0 | D101: =SUMIFS('مبيعات يومية'!$F$2:$F$14001,'مبيعات يومية'!$B$2:$B$14001,'إعدادات المخزون'!$A$17,'مبيعات يومية'!$A$2:$A$14001,$A101) -> 0 | E101: =SUM(B101:D101) -> 0 | F101: =SUMIFS('مشتريات يومية'!$E$2:$E$4001,'مشتريات يومية'!$A$2:$A$4001,$A101) -> 0 | G101: =SUMIFS('مبيعات يومية'!$G$2:$G$14001,'مبيعات يومية'!$A$2:$A$14001,$A101) -> 0
A102: ='إعدادات المخزون'!$B$5+30 -> 46326 | B102: =SUMIFS('مبيعات يومية'!$F$2:$F$14001,'مبيعات يومية'!$B$2:$B$14001,'إعدادات المخزون'!$A$15,'مبيعات يومية'!$A$2:$A$14001,$A102) -> 0 | C102: =SUMIFS('مبيعات يومية'!$F$2:$F$14001,'مبيعات يومية'!$B$2:$B$14001,'إعدادات المخزون'!$A$16,'مبيعات يومية'!$A$2:$A$14001,$A102) -> 0 | D102: =SUMIFS('مبيعات يومية'!$F$2:$F$14001,'مبيعات يومية'!$B$2:$B$14001,'إعدادات المخزون'!$A$17,'مبيعات يومية'!$A$2:$A$14001,$A102) -> 0 | E102: =SUM(B102:D102) -> 0 | F102: =SUMIFS('مشتريات يومية'!$E$2:$E$4001,'مشتريات يومية'!$A$2:$A$4001,$A102) -> 0 | G102: =SUMIFS('مبيعات يومية'!$G$2:$G$14001,'مبيعات يومية'!$A$2:$A$14001,$A102) -> 0

Sheet دليل الجرد
A1: دليل استخدام الجرد والمخزون
A3: الخطوة | B3: التفاصيل
A4: الفكرة | B4: الدفتري = جرد أول المدة + المشتريات + التحويلات - الاستهلاك النظري (مبيعات الأصناف × الريسبي) - الهالك. الفرق = الجرد الفعلي - الدفتري. سالب = عجز، موجب = زيادة. الفرق تراكمي من بداية الشهر.
A5: كل يوم 1: المبيعات | B5: في شيت "مبيعات يومية": سطر لكل (تاريخ، فرع، صنف) بالكمية المباعة. اسم الصنف من القايمة المنسدلة (نفس أسماء المنيو). مثال: 2026-10-13 | محرم بك | بيتزا مارجريتا وسط | 24.
A6: كل يوم 2: المشتريات | B6: في "مشتريات يومية": التاريخ، الفرع، المكون، الكمية بوحدة الجرد، القيمة. مثال: 2026-10-13 | ابراهيمية | عجين بيتزا | 40 | 880. (مشتريات 1-12 أكتوبر محمّلة تجميعي من تقارير الكاشير على تاريخ 2026-10-01.)
A7: كل يوم 3: الجرد الفعلي | B7: في "جرد فعلي": الكمية اللي عدّيتوها فعلاً آخر اليوم لكل مكون. مثال: 2026-10-13 | عصافرة | طماطم | 12.5. اللي ما اتجردش بيظهر "لم يُجرد".
A8: كل يوم 4: الهالك والتحويل | B8: في "هالك وتحويلات": الهالك والضيافة وأكل الموظفين والتحويلات بين الفروع والسنتر. تحويل صادر من فرع لازم يتسجل تحويل وارد للفرع التاني.
A9: كل يوم 5: التقرير | B9: غيّر "تاريخ التقرير" في "إعدادات المخزون" لليوم، وشوف شيتات "جرد - اسم الفرع" والداشبورد وطلبية السنتر.
A10: الطلبية المقترحة | B10: بتتحسب من متوسط استهلاك آخر 7 أيام (أو من بداية الفترة) × أيام التغطية والتوريد والأمان - المخزون الحالي. أيام التغطية وحجم العبوة من الإعدادات.
A11: مهم | B11: مبيعات أكتوبر من 1 لحد اليوم لازم تتسجل علشان الدفتري يطلع صح، وإلا الدفتري هيبقى أعلى من الفعلي ويظهر عجز كبير غير حقيقي.
A12: حدود الشيت | B12: الجداول بتستوعب ~14000 سطر مبيعات، ~4000 مشتريات، ~12000 جرد فعلي، ~3000 هالك. الأعمدة المحسوبة (سعر، إيراد، تكلفة) جاهزة. مبيعات 1-12 أكتوبر محمّلة تجميعي من تقارير الكاشير (عادي + طلبات) وموزعة بالتساوي على الأيام، فاستبدلها بالمبيعات اليومية الفعلية لما تتوفر.
A13: خارج الجرد | B13: مواد التنظيف والمكتبية والزيت مش مرتبطة بالمبيعات فمش في الجرد. المكونات المصنّعة جوه المطعم (كاسترد، عجين كريب) استهلاكها بيتحسب على خاماتها.

Sheet التعليمات
A1: دليل استخدام شيت تكلفة المنيو - Satamoni
A3: ترتيب الشيتات | B3: المكونات ← المنيو ← الريسبي ← تحليل التكلفة والسعر ← تكلفة العروض
A4: 1. شيت المكونات | B4: اكتب فيه كل مكون بتشتريه (دقيق، جبنة، صوص...) مع وحدة القياس وسعر الوحدة. أي مكون مش موجود هنا مش هيتحسب في أي ريسبي.
A5: 2. شيت المنيو | B5: اكتب فيه كل صنف في المنيو مع تصنيفه وسعر بيعه الحالي. اسم الصنف هنا هو المفتاح اللي هيتربط بيه كل حاجة، فاكتبه بالظبط زي ما هيتكرر في شيت الريسبي.
A6: 3. شيت الريسبي | B6: لكل صنف، اكتب سطر منفصل لكل مكون داخل في الريسبي بتاعه مع الكمية المستخدمة. تكلفة الوحدة والوحدة بيتجابوا أوتوماتيك من شيت المكونات.
A7: 4. شيت تحليل التكلفة والسعر | B7: بيتجمع فيه تلقائيًا تكلفة كل صنف من شيت الريسبي، ويحسب نسبة تكلفة الطعام، والسعر العادل لتحقيق النسبة المستهدفة اللي بتحددها.
A8: 5. شيت تكلفة العروض | B8: لعمل عرض (كومبو) بيضم أكتر من صنف، اختار اسم العرض والأصناف الداخلة فيه وكميتها، والشيت هيحسب تكلفة العرض كامل ونسبة تكلفته من سعر البيع المقترح.
A9: الألوان | B9: أصفر = خانة لازم تملاها انت. أزرق = رقم مدخل يدوي. أخضر = رابط جاي من شيت تاني. أسود = معادلة تلقائية، متلمسهاش.
A10: النسبة المستهدفة | B10: الافتراضي متحطوط 37.5% (نص المدى اللي حددته 35%-40%) في خلية صفراء بشيت تحليل التكلفة، وتقدر تغيره في أي وقت.
A11: مهم | B11: متغيرش اسم أي صنف أو مكون في شيت وبس - غيره في كل الشيتات اللي اتكرر فيها، لأن الربط بيتم بالاسم بالظبط (حروف كبيرة/صغيرة ومسافات فارقة).
A13: نسخة أكتوبر 2026 | B13: اتحدثت أسعار الخامات في شيت المكونات من تقارير الكاشير (مشتريات 1-12 أكتوبر + جرد 30 سبتمبر). شوف شيت "تغيّر الأسعار" للمقارنة مع يوليو، و"تأثير الأسعار على الأصناف" لأثرها على تكلفة كل صنف. أسعار البيع في المنيو = أسعار يوليو + 10 جنيه لكل صنف (ما عدا عيش كريب وبيبسي لتر: فضلوا على سعر يوليو). اتضافت 18 صنف جديد آخر المنيو (فطيرة نوتيلا، مكرونة مفروم، كريب جمبري، كريب فراخ جريل، وجبات الأطفال، وإضافات ومشروبات) بريسبي مقترح من أصناف مشابهة وسعر من تقارير المبيعات: راجعهم. واتضاف 3 مكونات جديدة (عصير، بيبسي 2 لتر، مياه معدنية صغير).

Sheet المكونات
A1: اسم المكون | B1: وحدة القياس | C1: تكلفة الوحدة (جنيه) | D1: ملاحظات | E1: كود الصنف (من نظام الكاشير) | F1: تاريخ آخر تحديث للسعر
A2: اطباق سيلفر مكرونة | B2: قطعة | C2: 3.3 | D2: [أكتوبر 2026] مشتريات 1-12 أكتوبر (يوليو: 3.3). من تقرير مشتريات فرع محرم بك (1-28 يوليو 2026): تكلفة الوحدة = صافي القيمة ÷ صافي الكمية | E2: 1823 | F2: 46307
A3: اطباق فوم كيلو | B3: قطعة | C3: 0.8 | D3: [أكتوبر 2026] مشتريات 1-12 أكتوبر (يوليو: 0.7). الوحدة تخمين من اسم الصنف - يُرجى التأكيد | E3: 1814 | F3: 46307
A4: اطباق فوم نص كيلو | B4: قطعة | C4: 0.5 | D4: [أكتوبر 2026] مشتريات 1-12 أكتوبر (يوليو: 0.5). الوحدة تخمين من اسم الصنف - يُرجى التأكيد | E4: 1815 | F4: 46307
A5: اكياس بيضاء | B5: قطعة | C5: 150 | D5: [أكتوبر 2026] مشتريات 1-12 أكتوبر (يوليو: 120). الوحدة تخمين من اسم الصنف - يُرجى التأكيد | E5: 2291 | F5: 46307
A6: اكياس قمامة | B6: قطعة | C6: 80 | D6: [أكتوبر 2026] مشتريات 1-12 أكتوبر (يوليو: 74.29). الوحدة تخمين من اسم الصنف - يُرجى التأكيد | E6: 2280 | F6: 46307
A7: اكياس مطبوعة كبير | B7: قطعة (كيس) | C7: 1.4 | D7: [أكتوبر 2026] مشتريات 1-12 أكتوبر (يوليو: 1.523). 1 كجم ≈ 50 كيس - حسب تأكيد صاحب الملف | E7: 1828 | F7: 46307
A8: اكياس مطبوعة وسط | B8: قطعة (كيس) | C8: 1.4 | D8: [أكتوبر 2026] مشتريات 1-12 أكتوبر (يوليو: 1.6). 1 كجم ≈ 50 كيس - حسب تأكيد صاحب الملف (نفس نسبة الكبير) | E8: 1827 | F8: 46307
A9: اوفر هيد | B9: قطعة | C9: 60 | D9: [أكتوبر 2026] مشتريات 1-12 أكتوبر (يوليو: 60). الوحدة تخمين من اسم الصنف - يُرجى التأكيد | E9: 2275 | F9: 46307
A10: برجر 100 جرام | B10: قطعة | C10: 18 | D10: [أكتوبر 2026] مشتريات 1-12 أكتوبر (يوليو: 18.76). الوحدة تخمين من اسم الصنف - يُرجى التأكيد | E10: 2215 | F10: 46307
A11: برسيون بسطرمة صغير | B11: قطعة | C11: 35 | D11: [أكتوبر 2026] مشتريات 1-12 أكتوبر (يوليو: 33.5). تم تأكيد الوحدة (قطعة) من صاحب الملف | E11: 1748 | F11: 46307
A12: برسيون بسطرمة كبير | B12: قطعة | C12: 46.6667 | D12: [أكتوبر 2026] مشتريات 1-12 أكتوبر (يوليو: 43). تم تأكيد الوحدة (قطعة) من صاحب الملف | E12: 2581 | F12: 46307
A13: برسيون بطاطس | B13: قطعة | C13: 5.65 | D13: [أكتوبر 2026] مشتريات 1-12 أكتوبر (يوليو: 5.5). تم تأكيد الوحدة (قطعة) من صاحب الملف | E13: 2344 | F13: 46307
... A101: ورق زبدة وسط كيلو 500 ورقة | B101: قطعة (ورقة) | C101: 0.3665 | D101: [أكتوبر 2026] متوسط تكلفة جرد 30-9 (يوليو: 0.28). 1 كجم ≈ 100-150 ورقة (متوسط 125) - حسب تأكيد صاحب الملف | E101: 1812 | F101: 46307
A102: اكياس كفرات | B102: قطعة (كيس) | C102: 1 | D102: [أكتوبر 2026] مشتريات 1-12 أكتوبر (يوليو: 0.65). أضيف يدويًا: 130 جنيه/كجم، 1 كجم ≈ 200 كيس - بيانات من صاحب الملف | E102: جديد | F102: 46307
A103: كاسترد مصنع (خليط بودر + لبن) | B103: كجم | C103: =IFERROR((850/5000)*INDEX($C$2:$C$500,MATCH("كاستر بودر",$A$2:$A$500,0))+(2000/5000)*INDEX($C$2:$C$500,MATCH("لبن",$A$2:$A$500,0)),"") -> 23.56668 | D103: مكون مركب: 850 جم كاستر بودر + 2 كيلو لبن ⇐ 5 كيلو كاسترد نهائي (حسب صاحب الملف). التكلفة بتتحسب أوتوماتيك من أسعار كاستر بودر ولبن أعلاه. | E103: مركب | F103: 46230
A104: علبة كاليزوني | B104: قطعة | C104: 4.47 | D104: [أكتوبر 2026] متوسط تكلفة جرد 30-9 (يوليو: 4.4). مسمى مكرر/خطأ في نظام الكاشير - دي نفس "علب مكرونة" (كود 1820) فعليًا حسب تأكيد صاحب الملف. مش مستخدمة في أي ريسبي حاليًا. | E104: 1819 | F104: 46307
A105: عجين كريب (مصنع بالمطعم) | B105: قطعة | C105: =IFERROR((2*INDEX($C$2:$C$500,MATCH("لبن",$A$2:$A$500,0))+0.25*INDEX($C$2:$C$500,MATCH("زبدة",$A$2:$A$500,0))+5*INDEX($C$2:$C$500,MATCH("دقيق",$A$2:$A$500,0))+0.25*INDEX($C$2:$C$500,MATCH("سكر بودرة",$A$2:$A$500,0)))/60,"") -> 3.0130621 | D105: مكون مركب: 2 كيلو لبن + 250 جم زبدة + 5 كيلو دقيق + 250 جم سكر بودرة ⇐ 60 عجينة كريب (حسب صاحب الملف). التكلفة بتتحسب أوتوماتيك من أسعار لبن/زبدة/دقيق/سكر بودرة أعلاه. | E105: مركب | F105: 46230
A106: كاسترد مصنع صيامي (بدون لبن) | B106: كجم | C106: =IFERROR((850/5000)*INDEX($C$2:$C$500,MATCH("كاستر بودر",$A$2:$A$500,0)),"") -> 15.3 | D106: نسخة صيامي من الكاسترد: نفس التركيبة بدون اللبن (اتعوض بمية بدون تكلفة تذكر حسب صاحب الملف). | E106: مركب | F106: 46230
A107: عجين كريب صيامي (بدون لبن) | B107: قطعة | C107: =IFERROR((0.25*INDEX($C$2:$C$500,MATCH("زبدة",$A$2:$A$500,0))+5*INDEX($C$2:$C$500,MATCH("دقيق",$A$2:$A$500,0))+0.25*INDEX($C$2:$C$500,MATCH("سكر بودرة",$A$2:$A$500,0)))/60,"") -> 2.3241721 | D107: نسخة صيامي من عجين الكريب: نفس التركيبة بدون اللبن (اتعوض بمية بدون تكلفة تذكر حسب صاحب الملف). | E107: مركب | F107: 46230
A108: سوسيس/سدق صيامي | B108: كجم | C108: 220.02 | D108: [أكتوبر 2026] متوسط تكلفة جرد 30-9 (يوليو: 220). أضيف يدويًا: كود 2232، 220 جنيه/كجم - بيانات من صاحب الملف | E108: 2232 | F108: 46307
A109: شاورما فراخ/سدق صيامي | B109: كجم | C109: 219.23 | D109: [أكتوبر 2026] متوسط تكلفة جرد 30-9 (يوليو: 220). أضيف يدويًا: كود 2234، 220 جنيه/كجم - بيانات من صاحب الملف | E109: 2234 | F109: 46307
A110: برجر صيامي | B110: قطعة | C110: 6 | D110: [أكتوبر 2026] متوسط تكلفة جرد 30-9 (يوليو: 6). أضيف يدويًا: كود 2236، 6 جنيه/قطعة - بيانات من صاحب الملف | E110: 2236 | F110: 46307
A111: سكينة بلاستيك | B111: قطعة | C111: 0.3 | D111: [أكتوبر 2026] مشتريات 1-12 أكتوبر (يوليو: 0.3). نفس سعر شوك بلاستيك (0.3 جنيه/قطعة) - حسب تأكيد صاحب الملف. كود 1825 من تقرير الجرد. | E111: 1825 | F111: 46307
A112: علب مكرونة | B112: قطعة | C112: 4.44 | D112: [أكتوبر 2026] متوسط تكلفة جرد 30-9 (يوليو: 4.4). كود 1820، 4.40 جنيه - من تقرير الجرد. الصح للمكرونة والبرجر (كانت متسجلة غلط باسم كاليزوني/بلاستيك وجبات). | E112: 1820 | F112: 46307
A113: علب بيتزا كيك | B113: قطعة | C113: 8 | D113: [أكتوبر 2026] مشتريات 1-12 أكتوبر (يوليو: 35). كود 1821، 35 جنيه - من تقرير الجرد. مستخدمة في شيكاغو بيتزا برجر حسب ريسبي الكاشير. | E113: 1821 | F113: 46307
A114: تكلفة زيت القلي المخصصة للوحدة | B114: قطعة | C114: 5.5777 | D114: تكلفة مخصصة لزيت اولين (القلاية) موزعة على الأصناف اللي بتتقلى بس. الحساب: إجمالي شراء زيت اولين الشهر (1,400 جنيه لـ20 لتر، من تقرير مشتريات يوليو الكامل) ÷ إجمالي مبيعات الأصناف اللي بتتقلى (كريسبي + بطاطس، 251 وحدة في يوليو) ≈ 5.58 جنيه/وحدة. بتتضاف كسطر ريسبي منفصل لكل صنف بيتقلى بس، مش كل المنيو. | E114: جديد | F114: 46230
A115: عصير | B115: قطعة | C115: 7 | D115: [أكتوبر 2026] عصير وجبات الأطفال: تكلفة تقريبية 7 جنيه حسب صاحب الملف | E115: جديد | F115: 46307
A116: بيبسي 2 لتر | B116: قطعة | C116: 40 | D116: [أكتوبر 2026] كود 1723: سعر الجرد 40 (فرع عصافرة) ومشتريات 45. تقريبي - راجعه | E116: جديد | F116: 46307
A117: مياة معدنية صغير | B117: قطعة | C117: 7 | D117: [أكتوبر 2026] كود 2252: من جرد 30-9 (7 جنيه) | E117: جديد | F117: 46307

Sheet تغيّر الأسعار
A1: تغيّر أسعار الخامات: يوليو 2026 ← أكتوبر 2026
A2: مصدر أكتوبر: تقارير المشتريات (1-12 أكتوبر، فرعين) وتقارير الجرد المقيّم بمتوسط التكلفة (30 سبتمبر، 3 فروع). سعر أكتوبر هنا مربوط بشيت المكونات (لو عدلته هناك يتحدث هنا). الخلايا المظللة بالأصفر في المكونات = تغير أكبر من 20% محتاج تأكيد.
A4: المكون | B4: الوحدة | C4: سعر يوليو (جنيه) | D4: سعر أكتوبر (جنيه) | E4: الفرق (جنيه) | F4: % التغير | G4: مصدر سعر أكتوبر | H4: سعر الوحدة في تقرير الكاشير | I4: معامل التحويل | J4: يحتاج مراجعة؟
A5: علب بيتزا كيك | B5: قطعة | C5: 35 | D5: =INDEX(المكونات!$C$2:$C$500,MATCH($A5,المكونات!$A$2:$A$500,0)) -> 8 | E5: =D5-C5 -> -27 | F5: =IF(C5=0,"",D5/C5-1) -> -0.77142857 | G5: مشتريات 1-12 أكتوبر | H5: 8 | I5: 1 | J5: ⚠ تغير >20% — اتأكد
A6: اكياس كفرات | B6: قطعة (كيس) | C6: 0.65 | D6: =INDEX(المكونات!$C$2:$C$500,MATCH($A6,المكونات!$A$2:$A$500,0)) -> 1 | E6: =D6-C6 -> 0.35 | F6: =IF(C6=0,"",D6/C6-1) -> 0.53846154 | G6: مشتريات 1-12 أكتوبر | H6: 200 | I6: 200 | J6: ⚠ تغير >20% — اتأكد
A7: فوط يد | B7: قطعة | C7: 10 | D7: =INDEX(المكونات!$C$2:$C$500,MATCH($A7,المكونات!$A$2:$A$500,0)) -> 15 | E7: =D7-C7 -> 5 | F7: =IF(C7=0,"",D7/C7-1) -> 0.5 | G7: متوسط تكلفة جرد 30-9 | H7: 15 | I7: 1 | J7: ⚠ تغير >20% — اتأكد
A8: مشروم فريش | B8: كجم | C8: 233.33 | D8: =INDEX(المكونات!$C$2:$C$500,MATCH($A8,المكونات!$A$2:$A$500,0)) -> 151.2027 | E8: =D8-C8 -> -82.1273 | F8: =IF(C8=0,"",D8/C8-1) -> -0.35197917 | G8: مشتريات 1-12 أكتوبر | H8: 151.2027 | I8: 1 | J8: ⚠ تغير >20% — اتأكد
A9: برسيون فراخ كريسبي كبير | B9: قطعة | C9: 44 | D9: =INDEX(المكونات!$C$2:$C$500,MATCH($A9,المكونات!$A$2:$A$500,0)) -> 29 | E9: =D9-C9 -> -15 | F9: =IF(C9=0,"",D9/C9-1) -> -0.34090909 | G9: مشتريات 1-12 أكتوبر | H9: 29 | I9: 1 | J9: ⚠ تغير >20% — اتأكد
A10: ورق زبدة وسط كيلو 500 ورقة | B10: قطعة (ورقة) | C10: 0.28 | D10: =INDEX(المكونات!$C$2:$C$500,MATCH($A10,المكونات!$A$2:$A$500,0)) -> 0.3665 | E10: =D10-C10 -> 0.0865 | F10: =IF(C10=0,"",D10/C10-1) -> 0.30892857 | G10: متوسط تكلفة جرد 30-9 | H10: 120 | I10: 125 | J10: ⚠ تغير >20% — اتأكد
A11: بصل | B11: كجم | C11: 14 | D11: =INDEX(المكونات!$C$2:$C$500,MATCH($A11,المكونات!$A$2:$A$500,0)) -> 18 | E11: =D11-C11 -> 4 | F11: =IF(C11=0,"",D11/C11-1) -> 0.28571429 | G11: مشتريات 1-12 أكتوبر | H11: 18 | I11: 1 | J11: ⚠ تغير >20% — اتأكد
A12: اكياس بيضاء | B12: قطعة | C12: 120 | D12: =INDEX(المكونات!$C$2:$C$500,MATCH($A12,المكونات!$A$2:$A$500,0)) -> 150 | E12: =D12-C12 -> 30 | F12: =IF(C12=0,"",D12/C12-1) -> 0.25 | G12: مشتريات 1-12 أكتوبر | H12: 150 | I12: 1 | J12: ⚠ تغير >20% — اتأكد
A13: زيتون | B13: كجم | C13: 125 | D13: =INDEX(المكونات!$C$2:$C$500,MATCH($A13,المكونات!$A$2:$A$500,0)) -> 95 | E13: =D13-C13 -> -30 | F13: =IF(C13=0,"",D13/C13-1) -> -0.24 | G13: مشتريات 1-12 أكتوبر | H13: 95 | I13: 1 | J13: ⚠ تغير >20% — اتأكد
A14: بكر استريتش | B14: قطعة (لفة استخدام) | C14: 2.95 | D14: =INDEX(المكونات!$C$2:$C$500,MATCH($A14,المكونات!$A$2:$A$500,0)) -> 3.65 | E14: =D14-C14 -> 0.7 | F14: =IF(C14=0,"",D14/C14-1) -> 0.23728814 | G14: مشتريات 1-12 أكتوبر | H14: 730 | I14: 200 | J14: ⚠ تغير >20% — اتأكد
A15: شيكولاتة بني | B15: كجم | C15: 110 | D15: =INDEX(المكونات!$C$2:$C$500,MATCH($A15,المكونات!$A$2:$A$500,0)) -> 127.6582 | E15: =D15-C15 -> 17.6582 | F15: =IF(C15=0,"",D15/C15-1) -> 0.16052909 | G15: مشتريات 1-12 أكتوبر | H15: 127.6582 | I15: 1
A16: عجين بيتزا | B16: كجم | C16: 19 | D16: =INDEX(المكونات!$C$2:$C$500,MATCH($A16,المكونات!$A$2:$A$500,0)) -> 22 | E16: =D16-C16 -> 3 | F16: =IF(C16=0,"",D16/C16-1) -> 0.15789474 | G16: مشتريات 1-12 أكتوبر | H16: 22 | I16: 1
A17: شطة | B17: كجم | C17: 95 | D17: =INDEX(المكونات!$C$2:$C$500,MATCH($A17,المكونات!$A$2:$A$500,0)) -> 109.9656 | E17: =D17-C17 -> 14.9656 | F17: =IF(C17=0,"",D17/C17-1) -> 0.15753263 | G17: مشتريات 1-12 أكتوبر | H17: 109.9656 | I17: 1
A18: فراخ كريسبي صيامي | B18: كجم | C18: 130 | D18: =INDEX(المكونات!$C$2:$C$500,MATCH($A18,المكونات!$A$2:$A$500,0)) -> 150 | E18: =D18-C18 -> 20 | F18: =IF(C18=0,"",D18/C18-1) -> 0.15384615 | G18: متوسط تكلفة جرد 30-9 | H18: 150 | I18: 1
A19: بيبسي كانز | B19: قطعة | C19: 15 | D19: =INDEX(المكونات!$C$2:$C$500,MATCH($A19,المكونات!$A$2:$A$500,0)) -> 17.1875 | E19: =D19-C19 -> 2.1875 | F19: =IF(C19=0,"",D19/C19-1) -> 0.14583333 | G19: مشتريات 1-12 أكتوبر | H19: 17.1875 | I19: 1
A20: اطباق فوم كيلو | B20: قطعة | C20: 0.7 | D20: =INDEX(المكونات!$C$2:$C$500,MATCH($A20,المكونات!$A$2:$A$500,0)) -> 0.8 | E20: =D20-C20 -> 0.1 | F20: =IF(C20=0,"",D20/C20-1) -> 0.14285714 | G20: مشتريات 1-12 أكتوبر | H20: 0.8 | I20: 1
A21: بيبسي لتر | B21: لتر | C21: 35 | D21: =INDEX(المكونات!$C$2:$C$500,MATCH($A21,المكونات!$A$2:$A$500,0)) -> 30 | E21: =D21-C21 -> -5 | F21: =IF(C21=0,"",D21/C21-1) -> -0.14285714 | G21: مشتريات 1-12 أكتوبر | H21: 30 | I21: 1
A22: برسيون قشطة | B22: قطعة | C22: 22 | D22: =INDEX(المكونات!$C$2:$C$500,MATCH($A22,المكونات!$A$2:$A$500,0)) -> 25 | E22: =D22-C22 -> 3 | F22: =IF(C22=0,"",D22/C22-1) -> 0.13636364 | G22: مشتريات 1-12 أكتوبر | H22: 25 | I22: 1
A23: دقيق | B23: كجم | C23: 18 | D23: =INDEX(المكونات!$C$2:$C$500,MATCH($A23,المكونات!$A$2:$A$500,0)) -> 20.3571 | E23: =D23-C23 -> 2.3571 | F23: =IF(C23=0,"",D23/C23-1) -> 0.13095 | G23: مشتريات 1-12 أكتوبر | H23: 20.3571 | I23: 1
A24: اكياس مطبوعة وسط | B24: قطعة (كيس) | C24: 1.6 | D24: =INDEX(المكونات!$C$2:$C$500,MATCH($A24,المكونات!$A$2:$A$500,0)) -> 1.4 | E24: =D24-C24 -> -0.2 | F24: =IF(C24=0,"",D24/C24-1) -> -0.125 | G24: مشتريات 1-12 أكتوبر | H24: 70 | I24: 50
A25: جلافزات شفاف | B25: قطعة (جلفز) | C25: 0.16 | D25: =INDEX(المكونات!$C$2:$C$500,MATCH($A25,المكونات!$A$2:$A$500,0)) -> 0.18 | E25: =D25-C25 -> 0.02 | F25: =IF(C25=0,"",D25/C25-1) -> 0.125 | G25: مشتريات 1-12 أكتوبر | H25: 9 | I25: 50
A26: جلافزات سوداء | B26: علبة | C26: 165 | D26: =INDEX(المكونات!$C$2:$C$500,MATCH($A26,المكونات!$A$2:$A$500,0)) -> 181.9048 | E26: =D26-C26 -> 16.9048 | F26: =IF(C26=0,"",D26/C26-1) -> 0.10245333 | G26: مشتريات 1-12 أكتوبر | H26: 181.9048 | I26: 1
... A110: سكينة بلاستيك | B110: قطعة | C110: 0.3 | D110: =INDEX(المكونات!$C$2:$C$500,MATCH($A110,المكونات!$A$2:$A$500,0)) -> 0.3 | E110: =D110-C110 -> 0 | F110: =IF(C110=0,"",D110/C110-1) -> 0 | G110: مشتريات 1-12 أكتوبر | H110: 0.3 | I110: 1
A111: بشاميل مصنع صيامي | B111: كجم | C111: 25 | D111: =INDEX(المكونات!$C$2:$C$500,MATCH($A111,المكونات!$A$2:$A$500,0)) -> 25 | E111: =D111-C111 -> 0 | F111: =IF(C111=0,"",D111/C111-1) -> 0 | G111: لم يتحدث (غير موجود في التقارير) — السعر القديم | I111: 1 | J111: ⚠ بدون تحديث — ابعت السعر
A112: جبنة رومي/شيدر صيامي | B112: كجم | C112: 105 | D112: =INDEX(المكونات!$C$2:$C$500,MATCH($A112,المكونات!$A$2:$A$500,0)) -> 105 | E112: =D112-C112 -> 0 | F112: =IF(C112=0,"",D112/C112-1) -> 0 | G112: لم يتحدث (غير موجود في التقارير) — السعر القديم | I112: 1 | J112: ⚠ بدون تحديث — ابعت السعر
A113: تكلفة زيت القلي المخصصة للوحدة | B113: قطعة | C113: 5.5777 | D113: =INDEX(المكونات!$C$2:$C$500,MATCH($A113,المكونات!$A$2:$A$500,0)) -> 5.5777 | E113: =D113-C113 -> 0 | F113: =IF(C113=0,"",D113/C113-1) -> 0 | G113: لم يتحدث (غير موجود في التقارير) — السعر القديم | I113: 1 | J113: ⚠ بدون تحديث — ابعت السعر

Sheet تأثير الأسعار على الأصناف
A1: تأثير أسعار أكتوبر على تكلفة الأصناف (مع زيادة أسعار البيع 10 جنيه)
A2: تكلفة يوليو أرقام ثابتة من النسخة القديمة. تكلفة أكتوبر مربوطة بشيت تحليل التكلفة. مرتّب بالأكثر تأثرًا.
A4: القسم | B4: اسم الصنف | C4: تكلفة الريسبي - يوليو | D4: تكلفة الريسبي - أكتوبر | E4: الفرق (جنيه) | F4: % التغير | G4: سعر البيع - يوليو | H4: سعر البيع - أكتوبر | I4: % تكلفة الطعام - يوليو | J4: % تكلفة الطعام - أكتوبر | K4: الفرق بالنقاط
A5: قسم الإضافات | B5: اضافة مشروم (بيتزا وسط) | C5: 13.9998 | D5: =INDEX('تحليل التكلفة والسعر'!$C$2:$C$700,MATCH($B5,'تحليل التكلفة والسعر'!$B$2:$B$700,0)) -> 9.072162 | E5: =D5-C5 -> -4.927638 | F5: =IF(C5=0,"",D5/C5-1) -> -0.35197917 | G5: 30 | H5: =INDEX('تحليل التكلفة والسعر'!$D$2:$D$700,MATCH($B5,'تحليل التكلفة والسعر'!$B$2:$B$700,0)) -> 40 | I5: =IF(OR(G5="",G5=0),"",C5/G5) -> 0.46666 | J5: =IF(OR(H5="",H5=0),"",D5/H5) -> 0.22680405 | K5: =IF(OR(I5="",J5=""),"",J5-I5) -> -0.23985595
A6: قسم الإضافات | B6: اضافة مشروم (بيتزا كبير) | C6: 20.9997 | D6: =INDEX('تحليل التكلفة والسعر'!$C$2:$C$700,MATCH($B6,'تحليل التكلفة والسعر'!$B$2:$B$700,0)) -> 13.608243 | E6: =D6-C6 -> -7.391457 | F6: =IF(C6=0,"",D6/C6-1) -> -0.35197917 | G6: 45 | H6: =INDEX('تحليل التكلفة والسعر'!$D$2:$D$700,MATCH($B6,'تحليل التكلفة والسعر'!$B$2:$B$700,0)) -> 55 | I6: =IF(OR(G6="",G6=0),"",C6/G6) -> 0.46666 | J6: =IF(OR(H6="",H6=0),"",D6/H6) -> 0.2474226 | K6: =IF(OR(I6="",J6=""),"",J6-I6) -> -0.2192374
A7: قسم الإضافات | B7: اضافة مشروم (فطير وسط) | C7: 13.9998 | D7: =INDEX('تحليل التكلفة والسعر'!$C$2:$C$700,MATCH($B7,'تحليل التكلفة والسعر'!$B$2:$B$700,0)) -> 9.072162 | E7: =D7-C7 -> -4.927638 | F7: =IF(C7=0,"",D7/C7-1) -> -0.35197917 | G7: 30 | H7: =INDEX('تحليل التكلفة والسعر'!$D$2:$D$700,MATCH($B7,'تحليل التكلفة والسعر'!$B$2:$B$700,0)) -> 40 | I7: =IF(OR(G7="",G7=0),"",C7/G7) -> 0.46666 | J7: =IF(OR(H7="",H7=0),"",D7/H7) -> 0.22680405 | K7: =IF(OR(I7="",J7=""),"",J7-I7) -> -0.23985595
A8: قسم الإضافات | B8: اضافة مشروم (فطير كبير) | C8: 20.9997 | D8: =INDEX('تحليل التكلفة والسعر'!$C$2:$C$700,MATCH($B8,'تحليل التكلفة والسعر'!$B$2:$B$700,0)) -> 13.608243 | E8: =D8-C8 -> -7.391457 | F8: =IF(C8=0,"",D8/C8-1) -> -0.35197917 | G8: 45 | H8: =INDEX('تحليل التكلفة والسعر'!$D$2:$D$700,MATCH($B8,'تحليل التكلفة والسعر'!$B$2:$B$700,0)) -> 55 | I8: =IF(OR(G8="",G8=0),"",C8/G8) -> 0.46666 | J8: =IF(OR(H8="",H8=0),"",D8/H8) -> 0.2474226 | K8: =IF(OR(I8="",J8=""),"",J8-I8) -> -0.2192374
A9: قسم الإضافات | B9: اضافة فراخ كريسبي (فطير كبير) | C9: 44 | D9: =INDEX('تحليل التكلفة والسعر'!$C$2:$C$700,MATCH($B9,'تحليل التكلفة والسعر'!$B$2:$B$700,0)) -> 29 | E9: =D9-C9 -> -15 | F9: =IF(C9=0,"",D9/C9-1) -> -0.34090909 | G9: 120 | H9: =INDEX('تحليل التكلفة والسعر'!$D$2:$D$700,MATCH($B9,'تحليل التكلفة والسعر'!$B$2:$B$700,0)) -> 130 | I9: =IF(OR(G9="",G9=0),"",C9/G9) -> 0.36666667 | J9: =IF(OR(H9="",H9=0),"",D9/H9) -> 0.22307692 | K9: =IF(OR(I9="",J9=""),"",J9-I9) -> -0.14358974
A10: قسم الإضافات | B10: اضافة شيكولاتة (عام) | C10: 11 | D10: =INDEX('تحليل التكلفة والسعر'!$C$2:$C$700,MATCH($B10,'تحليل التكلفة والسعر'!$B$2:$B$700,0)) -> 12.76582 | E10: =D10-C10 -> 1.76582 | F10: =IF(C10=0,"",D10/C10-1) -> 0.16052909 | G10: 40 | H10: =INDEX('تحليل التكلفة والسعر'!$D$2:$D$700,MATCH($B10,'تحليل التكلفة والسعر'!$B$2:$B$700,0)) -> 50 | I10: =IF(OR(G10="",G10=0),"",C10/G10) -> 0.275 | J10: =IF(OR(H10="",H10=0),"",D10/H10) -> 0.2553164 | K10: =IF(OR(I10="",J10=""),"",J10-I10) -> -0.0196836
A11: قسم الفطير الحادق الصيامي | B11: فطيرة مشروم صيامي مخصوص | C11: 81.16345 | D11: =INDEX('تحليل التكلفة والسعر'!$C$2:$C$700,MATCH($B11,'تحليل التكلفة والسعر'!$B$2:$B$700,0)) -> 68.311905 | E11: =D11-C11 -> -12.851545 | F11: =IF(C11=0,"",D11/C11-1) -> -0.15834153 | G11: 160 | H11: =INDEX('تحليل التكلفة والسعر'!$D$2:$D$700,MATCH($B11,'تحليل التكلفة والسعر'!$B$2:$B$700,0)) -> 170 | I11: =IF(OR(G11="",G11=0),"",C11/G11) -> 0.50727156 | J11: =IF(OR(H11="",H11=0),"",D11/H11) -> 0.40183474 | K11: =IF(OR(I11="",J11=""),"",J11-I11) -> -0.10543683
A12: قسم البيتزا | B12: بيتزا فراخ كريسبي رانش حجم اكبر | C12: 117.16985 | D12: =INDEX('تحليل التكلفة والسعر'!$C$2:$C$700,MATCH($B12,'تحليل التكلفة والسعر'!$B$2:$B$700,0)) -> 100.6187 | E12: =D12-C12 -> -16.55115 | F12: =IF(C12=0,"",D12/C12-1) -> -0.14125776 | G12: 220 | H12: =INDEX('تحليل التكلفة والسعر'!$D$2:$D$700,MATCH($B12,'تحليل التكلفة والسعر'!$B$2:$B$700,0)) -> 230 | I12: =IF(OR(G12="",G12=0),"",C12/G12) -> 0.53259023 | J12: =IF(OR(H12="",H12=0),"",D12/H12) -> 0.43747261 | K12: =IF(OR(I12="",J12=""),"",J12-I12) -> -0.095117619
A13: قسم الفطير الحادق الصيامي | B13: فطيرة مشروم صيامي وسط | C13: 56.7633 | D13: =INDEX('تحليل التكلفة والسعر'!$C$2:$C$700,MATCH($B13,'تحليل التكلفة والسعر'!$B$2:$B$700,0)) -> 48.41677 | E13: =D13-C13 -> -8.34653 | F13: =IF(C13=0,"",D13/C13-1) -> -0.14704096 | G13: 105 | H13: =INDEX('تحليل التكلفة والسعر'!$D$2:$D$700,MATCH($B13,'تحليل التكلفة والسعر'!$B$2:$B$700,0)) -> 115 | I13: =IF(OR(G13="",G13=0),"",C13/G13) -> 0.54060286 | J13: =IF(OR(H13="",H13=0),"",D13/H13) -> 0.42101539 | K13: =IF(OR(I13="",J13=""),"",J13-I13) -> -0.11958747
A14: قسم البيتزا الصيامي | B14: بيتزا مشروم صيامي مخصوص | C14: 82.84165 | D14: =INDEX('تحليل التكلفة والسعر'!$C$2:$C$700,MATCH($B14,'تحليل التكلفة والسعر'!$B$2:$B$700,0)) -> 70.831905 | E14: =D14-C14 -> -12.009745 | F14: =IF(C14=0,"",D14/C14-1) -> -0.14497231 | G14: 160 | H14: =INDEX('تحليل التكلفة والسعر'!$D$2:$D$700,MATCH($B14,'تحليل التكلفة والسعر'!$B$2:$B$700,0)) -> 170 | I14: =IF(OR(G14="",G14=0),"",C14/G14) -> 0.51776031 | J14: =IF(OR(H14="",H14=0),"",D14/H14) -> 0.41665826 | K14: =IF(OR(I14="",J14=""),"",J14-I14) -> -0.10110205
A15: قسم المشروبات | B15: بيبسي لتر | C15: 35 | D15: =INDEX('تحليل التكلفة والسعر'!$C$2:$C$700,MATCH($B15,'تحليل التكلفة والسعر'!$B$2:$B$700,0)) -> 30 | E15: =D15-C15 -> -5 | F15: =IF(C15=0,"",D15/C15-1) -> -0.14285714 | G15: 35 | H15: =INDEX('تحليل التكلفة والسعر'!$D$2:$D$700,MATCH($B15,'تحليل التكلفة والسعر'!$B$2:$B$700,0)) -> 35 | I15: =IF(OR(G15="",G15=0),"",C15/G15) -> 1 | J15: =IF(OR(H15="",H15=0),"",D15/H15) -> 0.85714286 | K15: =IF(OR(I15="",J15=""),"",J15-I15) -> -0.14285714
A16: قسم الفطير الحادق | B16: فطيرة فراخ كريسبي رانش حجم اكبر | C16: 111.49165 | D16: =INDEX('تحليل التكلفة والسعر'!$C$2:$C$700,MATCH($B16,'تحليل التكلفة والسعر'!$B$2:$B$700,0)) -> 95.9592 | E16: =D16-C16 -> -15.53245 | F16: =IF(C16=0,"",D16/C16-1) -> -0.13931492 | G16: 220 | H16: =INDEX('تحليل التكلفة والسعر'!$D$2:$D$700,MATCH($B16,'تحليل التكلفة والسعر'!$B$2:$B$700,0)) -> 230 | I16: =IF(OR(G16="",G16=0),"",C16/G16) -> 0.50678023 | J16: =IF(OR(H16="",H16=0),"",D16/H16) -> 0.41721391 | K16: =IF(OR(I16="",J16=""),"",J16-I16) -> -0.089566314
... A175: قسم الإضافات | B175: صوص رانش إضافي (L) | C175: 15.75 | D175: =INDEX('تحليل التكلفة والسعر'!$C$2:$C$700,MATCH($B175,'تحليل التكلفة والسعر'!$B$2:$B$700,0)) -> 15.75 | E175: =D175-C175 -> 0 | F175: =IF(C175=0,"",D175/C175-1) -> 0 | G175: 31.25 | H175: =INDEX('تحليل التكلفة والسعر'!$D$2:$D$700,MATCH($B175,'تحليل التكلفة والسعر'!$B$2:$B$700,0)) -> 41.25 | I175: =IF(OR(G175="",G175=0),"",C175/G175) -> 0.504 | J175: =IF(OR(H175="",H175=0),"",D175/H175) -> 0.38181818 | K175: =IF(OR(I175="",J175=""),"",J175-I175) -> -0.12218182

Sheet المنيو
A1: التصنيف | B1: اسم الصنف | C1: سعر البيع الحالي (جنيه)
A2: قسم البيتزا | B2: بيتزا مارجريتا وسط | C2: 90
A3: قسم البيتزا | B3: بيتزا مارجريتا حجم اكبر | C3: 120
A4: قسم البيتزا | B4: بيتزا بسطرمة وسط | C4: 140
A5: قسم البيتزا | B5: بيتزا بسطرمة حجم اكبر | C5: 200
A6: قسم البيتزا | B6: بيتزا سدق وسط | C6: 130
A7: قسم البيتزا | B7: بيتزا سدق حجم اكبر | C7: 190
A8: قسم البيتزا | B8: بيتزا دبل سلامي / بيبروني وسط | C8: 130
A9: قسم البيتزا | B9: بيتزا دبل سلامي / بيبروني حجم اكبر | C9: 190
A10: قسم البيتزا | B10: بيتزا مشكل جبن وسط | C10: 130
A11: قسم البيتزا | B11: بيتزا مشكل جبن حجم اكبر | C11: 190
A12: قسم البيتزا | B12: بيتزا فراخ رانش وسط | C12: 150
A13: قسم البيتزا | B13: بيتزا فراخ رانش حجم اكبر | C13: 230
... A190: قسم المشروبات | B190: مياه معدنية M | C190: 8

Sheet الريسبي
A1: اسم الصنف (من المنيو) | B1: اسم المكون (من المكونات) | C1: الكمية المستخدمة | D1: الوحدة | E1: تكلفة الوحدة (جنيه) | F1: تكلفة السطر (جنيه)
A2: بيتزا مارجريتا وسط | B2: عجين بيتزا | C2: 0.22 | D2: =IFERROR(INDEX(المكونات!$B$2:$B$500,MATCH($B2,المكونات!$A$2:$A$500,0)),"") -> كجم | E2: =IFERROR(INDEX(المكونات!$C$2:$C$500,MATCH($B2,المكونات!$A$2:$A$500,0)),"") -> 22 | F2: =IFERROR($C2*$E2,"") -> 4.84
A3: بيتزا مارجريتا وسط | B3: صلصة مصنع | C3: 0.04 | D3: =IFERROR(INDEX(المكونات!$B$2:$B$500,MATCH($B3,المكونات!$A$2:$A$500,0)),"") -> كجم | E3: =IFERROR(INDEX(المكونات!$C$2:$C$500,MATCH($B3,المكونات!$A$2:$A$500,0)),"") -> 32 | F3: =IFERROR($C3*$E3,"") -> 1.28
A4: بيتزا مارجريتا وسط | B4: طماطم | C4: 0.03 | D4: =IFERROR(INDEX(المكونات!$B$2:$B$500,MATCH($B4,المكونات!$A$2:$A$500,0)),"") -> كجم | E4: =IFERROR(INDEX(المكونات!$C$2:$C$500,MATCH($B4,المكونات!$A$2:$A$500,0)),"") -> 21 | F4: =IFERROR($C4*$E4,"") -> 0.63
A5: بيتزا مارجريتا وسط | B5: فلفل كوبي | C5: 0.02 | D5: =IFERROR(INDEX(المكونات!$B$2:$B$500,MATCH($B5,المكونات!$A$2:$A$500,0)),"") -> كجم | E5: =IFERROR(INDEX(المكونات!$C$2:$C$500,MATCH($B5,المكونات!$A$2:$A$500,0)),"") -> 27 | F5: =IFERROR($C5*$E5,"") -> 0.54
A6: بيتزا مارجريتا وسط | B6: زيتون | C6: 0.02 | D6: =IFERROR(INDEX(المكونات!$B$2:$B$500,MATCH($B6,المكونات!$A$2:$A$500,0)),"") -> كجم | E6: =IFERROR(INDEX(المكونات!$C$2:$C$500,MATCH($B6,المكونات!$A$2:$A$500,0)),"") -> 95 | F6: =IFERROR($C6*$E6,"") -> 1.9
A7: بيتزا مارجريتا وسط | B7: برسيون موتزريلا بيتزا صغير | C7: 1 | D7: =IFERROR(INDEX(المكونات!$B$2:$B$500,MATCH($B7,المكونات!$A$2:$A$500,0)),"") -> قطعة | E7: =IFERROR(INDEX(المكونات!$C$2:$C$500,MATCH($B7,المكونات!$A$2:$A$500,0)),"") -> 20 | F7: =IFERROR($C7*$E7,"") -> 20
A8: بيتزا مارجريتا وسط | B8: علب بيتزا وسط | C8: 1 | D8: =IFERROR(INDEX(المكونات!$B$2:$B$500,MATCH($B8,المكونات!$A$2:$A$500,0)),"") -> قطعة | E8: =IFERROR(INDEX(المكونات!$C$2:$C$500,MATCH($B8,المكونات!$A$2:$A$500,0)),"") -> 4.5 | F8: =IFERROR($C8*$E8,"") -> 4.5
A9: بيتزا مارجريتا وسط | B9: كاتشب ظرف | C9: 2 | D9: =IFERROR(INDEX(المكونات!$B$2:$B$500,MATCH($B9,المكونات!$A$2:$A$500,0)),"") -> قطعة | E9: =IFERROR(INDEX(المكونات!$C$2:$C$500,MATCH($B9,المكونات!$A$2:$A$500,0)),"") -> 0.3 | F9: =IFERROR($C9*$E9,"") -> 0.6
A10: بيتزا مارجريتا وسط | B10: ورق زبدة وسط كيلو 500 ورقة | C10: 1 | D10: =IFERROR(INDEX(المكونات!$B$2:$B$500,MATCH($B10,المكونات!$A$2:$A$500,0)),"") -> قطعة (ورقة) | E10: =IFERROR(INDEX(المكونات!$C$2:$C$500,MATCH($B10,المكونات!$A$2:$A$500,0)),"") -> 0.3665 | F10: =IFERROR($C10*$E10,"") -> 0.3665
A11: بيتزا مارجريتا وسط | B11: اكياس مطبوعة كبير | C11: 1 | D11: =IFERROR(INDEX(المكونات!$B$2:$B$500,MATCH($B11,المكونات!$A$2:$A$500,0)),"") -> قطعة (كيس) | E11: =IFERROR(INDEX(المكونات!$C$2:$C$500,MATCH($B11,المكونات!$A$2:$A$500,0)),"") -> 1.4 | F11: =IFERROR($C11*$E11,"") -> 1.4
A12: بيتزا مارجريتا وسط | B12: كراسي بيتزا | C12: 1 | D12: =IFERROR(INDEX(المكونات!$B$2:$B$500,MATCH($B12,المكونات!$A$2:$A$500,0)),"") -> قطعة | E12: =IFERROR(INDEX(المكونات!$C$2:$C$500,MATCH($B12,المكونات!$A$2:$A$500,0)),"") -> 0.5 | F12: =IFERROR($C12*$E12,"") -> 0.5
A13: بيتزا مارجريتا وسط | B13: جلافزات شفاف | C13: 2 | D13: =IFERROR(INDEX(المكونات!$B$2:$B$500,MATCH($B13,المكونات!$A$2:$A$500,0)),"") -> قطعة (جلفز) | E13: =IFERROR(INDEX(المكونات!$C$2:$C$500,MATCH($B13,المكونات!$A$2:$A$500,0)),"") -> 0.18 | F13: =IFERROR($C13*$E13,"") -> 0.36
... A1743: مياه معدنية M | B1743: مياة معدنية صغير | C1743: 1 | D1743: =IFERROR(INDEX(المكونات!$B$2:$B$500,MATCH($B1743,المكونات!$A$2:$A$500,0)),"") -> قطعة | E1743: =IFERROR(INDEX(المكونات!$C$2:$C$500,MATCH($B1743,المكونات!$A$2:$A$500,0)),"") -> 7 | F1743: =IFERROR($C1743*$E1743,"") -> 7
D1744: =IFERROR(INDEX(المكونات!$B$2:$B$500,MATCH($B1744,المكونات!$A$2:$A$500,0)),"") | E1744: =IFERROR(INDEX(المكونات!$C$2:$C$500,MATCH($B1744,المكونات!$A$2:$A$500,0)),"") | F1744: =IFERROR($C1744*$E1744,"")
D1745: =IFERROR(INDEX(المكونات!$B$2:$B$500,MATCH($B1745,المكونات!$A$2:$A$500,0)),"") | E1745: =IFERROR(INDEX(المكونات!$C$2:$C$500,MATCH($B1745,المكونات!$A$2:$A$500,0)),"") | F1745: =IFERROR($C1745*$E1745,"")
D1746: =IFERROR(INDEX(المكونات!$B$2:$B$500,MATCH($B1746,المكونات!$A$2:$A$500,0)),"") | E1746: =IFERROR(INDEX(المكونات!$C$2:$C$500,MATCH($B1746,المكونات!$A$2:$A$500,0)),"") | F1746: =IFERROR($C1746*$E1746,"")
D1747: =IFERROR(INDEX(المكونات!$B$2:$B$500,MATCH($B1747,المكونات!$A$2:$A$500,0)),"") | E1747: =IFERROR(INDEX(المكونات!$C$2:$C$500,MATCH($B1747,المكونات!$A$2:$A$500,0)),"") | F1747: =IFERROR($C1747*$E1747,"")
D1748: =IFERROR(INDEX(المكونات!$B$2:$B$500,MATCH($B1748,المكونات!$A$2:$A$500,0)),"") | E1748: =IFERROR(INDEX(المكونات!$C$2:$C$500,MATCH($B1748,المكونات!$A$2:$A$500,0)),"") | F1748: =IFERROR($C1748*$E1748,"")
D1749: =IFERROR(INDEX(المكونات!$B$2:$B$500,MATCH($B1749,المكونات!$A$2:$A$500,0)),"") | E1749: =IFERROR(INDEX(المكونات!$C$2:$C$500,MATCH($B1749,المكونات!$A$2:$A$500,0)),"") | F1749: =IFERROR($C1749*$E1749,"")
D1750: =IFERROR(INDEX(المكونات!$B$2:$B$500,MATCH($B1750,المكونات!$A$2:$A$500,0)),"") | E1750: =IFERROR(INDEX(المكونات!$C$2:$C$500,MATCH($B1750,المكونات!$A$2:$A$500,0)),"") | F1750: =IFERROR($C1750*$E1750,"")
D1751: =IFERROR(INDEX(المكونات!$B$2:$B$500,MATCH($B1751,المكونات!$A$2:$A$500,0)),"") | E1751: =IFERROR(INDEX(المكونات!$C$2:$C$500,MATCH($B1751,المكونات!$A$2:$A$500,0)),"") | F1751: =IFERROR($C1751*$E1751,"")
D1752: =IFERROR(INDEX(المكونات!$B$2:$B$500,MATCH($B1752,المكونات!$A$2:$A$500,0)),"") | E1752: =IFERROR(INDEX(المكونات!$C$2:$C$500,MATCH($B1752,المكونات!$A$2:$A$500,0)),"") | F1752: =IFERROR($C1752*$E1752,"")
D1753: =IFERROR(INDEX(المكونات!$B$2:$B$500,MATCH($B1753,المكونات!$A$2:$A$500,0)),"") | E1753: =IFERROR(INDEX(المكونات!$C$2:$C$500,MATCH($B1753,المكونات!$A$2:$A$500,0)),"") | F1753: =IFERROR($C1753*$E1753,"")
D1754: =IFERROR(INDEX(المكونات!$B$2:$B$500,MATCH($B1754,المكونات!$A$2:$A$500,0)),"") | E1754: =IFERROR(INDEX(المكونات!$C$2:$C$500,MATCH($B1754,المكونات!$A$2:$A$500,0)),"") | F1754: =IFERROR($C1754*$E1754,"")
D1755: =IFERROR(INDEX(المكونات!$B$2:$B$500,MATCH($B1755,المكونات!$A$2:$A$500,0)),"") | E1755: =IFERROR(INDEX(المكونات!$C$2:$C$500,MATCH($B1755,المكونات!$A$2:$A$500,0)),"") | F1755: =IFERROR($C1755*$E1755,"")
... D1799: =IFERROR(INDEX(المكونات!$B$2:$B$500,MATCH($B1799,المكونات!$A$2:$A$500,0)),"") | E1799: =IFERROR(INDEX(المكونات!$C$2:$C$500,MATCH($B1799,المكونات!$A$2:$A$500,0)),"") | F1799: =IFERROR($C1799*$E1799,"")

Sheet تحليل التكلفة والسعر
A1: التصنيف | B1: اسم الصنف | C1: تكلفة الريسبي الكلية (جنيه) | D1: سعر البيع الحالي (جنيه) | E1: % تكلفة الطعام (من سعر البيع) | F1: النسبة المستهدفة | G1: السعر العادل لتحقيق الهدف (جنيه) | H1: الربح لكل صنف (جنيه) | I1: % هامش الربح | J1: % تكلفة العمالة المقدرة | K1: % Prime Cost (طعام + عمالة) | L1: مساعد ترتيب (مخفي) | M1: تكلفة إضافية معيارية للوحدة (جنيه) | N1: إجمالي التكلفة شاملة الأوفرهيد (جنيه)
A2: =IFERROR(IF(المنيو!$B2="","",المنيو!$A2),"") -> قسم البيتزا | B2: =IFERROR(المنيو!$B2,"") -> بيتزا مارجريتا وسط | C2: =IFERROR(IF($B2="","",SUMIFS(الريسبي!$F$2:$F$1800,الريسبي!$A$2:$A$1800,$B2)),"") -> 37.9165 | D2: =IFERROR(IF($B2="","",المنيو!$C2),"") -> 90 | E2: =IFERROR(IF(OR($B2="",$D2=0,$D2=""),"",$N2/$D2),"") -> 0.43164889 | F2: 0.375 | G2: =IFERROR(IF($B2="","",$N2/$F2),"") -> 103.59573 | H2: =IFERROR(IF($B2="","",$D2-$N2),"") -> 51.1516 | I2: =IFERROR(IF(OR($B2="",$D2=0,$D2=""),"",$H2/$D2),"") -> 0.56835111 | J2: 0.25 | K2: =IFERROR(IF($B2="","",$E2+$J2),"") -> 0.68164889 | L2: =IFERROR(IF(OR($B2="",$C2=0,$C2=""),"",$I2+ROW()*0.0000001),"") -> 0.56835131 | M2: 0.9319 | N2: =IFERROR(IF($B2="","",$C2+$M2),"") -> 38.8484
A3: =IFERROR(IF(المنيو!$B3="","",المنيو!$A3),"") -> قسم البيتزا | B3: =IFERROR(المنيو!$B3,"") -> بيتزا مارجريتا حجم اكبر | C3: =IFERROR(IF($B3="","",SUMIFS(الريسبي!$F$2:$F$1800,الريسبي!$A$2:$A$1800,$B3)),"") -> 50.291 | D3: =IFERROR(IF($B3="","",المنيو!$C3),"") -> 120 | E3: =IFERROR(IF(OR($B3="",$D3=0,$D3=""),"",$N3/$D3),"") -> 0.4268575 | F3: =$F$2 -> 0.375 | G3: =IFERROR(IF($B3="","",$N3/$F3),"") -> 136.5944 | H3: =IFERROR(IF($B3="","",$D3-$N3),"") -> 68.7771 | I3: =IFERROR(IF(OR($B3="",$D3=0,$D3=""),"",$H3/$D3),"") -> 0.5731425 | J3: =$J$2 -> 0.25 | K3: =IFERROR(IF($B3="","",$E3+$J3),"") -> 0.6768575 | L3: =IFERROR(IF(OR($B3="",$C3=0,$C3=""),"",$I3+ROW()*0.0000001),"") -> 0.5731428 | M3: =$M$2 -> 0.9319 | N3: =IFERROR(IF($B3="","",$C3+$M3),"") -> 51.2229
A4: =IFERROR(IF(المنيو!$B4="","",المنيو!$A4),"") -> قسم البيتزا | B4: =IFERROR(المنيو!$B4,"") -> بيتزا بسطرمة وسط | C4: =IFERROR(IF($B4="","",SUMIFS(الريسبي!$F$2:$F$1800,الريسبي!$A$2:$A$1800,$B4)),"") -> 72.9165 | D4: =IFERROR(IF($B4="","",المنيو!$C4),"") -> 140 | E4: =IFERROR(IF(OR($B4="",$D4=0,$D4=""),"",$N4/$D4),"") -> 0.52748857 | F4: =$F$2 -> 0.375 | G4: =IFERROR(IF($B4="","",$N4/$F4),"") -> 196.92907 | H4: =IFERROR(IF($B4="","",$D4-$N4),"") -> 66.1516 | I4: =IFERROR(IF(OR($B4="",$D4=0,$D4=""),"",$H4/$D4),"") -> 0.47251143 | J4: =$J$2 -> 0.25 | K4: =IFERROR(IF($B4="","",$E4+$J4),"") -> 0.77748857 | L4: =IFERROR(IF(OR($B4="",$C4=0,$C4=""),"",$I4+ROW()*0.0000001),"") -> 0.47251183 | M4: =$M$2 -> 0.9319 | N4: =IFERROR(IF($B4="","",$C4+$M4),"") -> 73.8484
A5: =IFERROR(IF(المنيو!$B5="","",المنيو!$A5),"") -> قسم البيتزا | B5: =IFERROR(المنيو!$B5,"") -> بيتزا بسطرمة حجم اكبر | C5: =IFERROR(IF($B5="","",SUMIFS(الريسبي!$F$2:$F$1800,الريسبي!$A$2:$A$1800,$B5)),"") -> 96.9577 | D5: =IFERROR(IF($B5="","",المنيو!$C5),"") -> 200 | E5: =IFERROR(IF(OR($B5="",$D5=0,$D5=""),"",$N5/$D5),"") -> 0.489448 | F5: =$F$2 -> 0.375 | G5: =IFERROR(IF($B5="","",$N5/$F5),"") -> 261.03893 | H5: =IFERROR(IF($B5="","",$D5-$N5),"") -> 102.1104 | I5: =IFERROR(IF(OR($B5="",$D5=0,$D5=""),"",$H5/$D5),"") -> 0.510552 | J5: =$J$2 -> 0.25 | K5: =IFERROR(IF($B5="","",$E5+$J5),"") -> 0.739448 | L5: =IFERROR(IF(OR($B5="",$C5=0,$C5=""),"",$I5+ROW()*0.0000001),"") -> 0.5105525 | M5: =$M$2 -> 0.9319 | N5: =IFERROR(IF($B5="","",$C5+$M5),"") -> 97.8896
A6: =IFERROR(IF(المنيو!$B6="","",المنيو!$A6),"") -> قسم البيتزا | B6: =IFERROR(المنيو!$B6,"") -> بيتزا سدق وسط | C6: =IFERROR(IF($B6="","",SUMIFS(الريسبي!$F$2:$F$1800,الريسبي!$A$2:$A$1800,$B6)),"") -> 71.9165 | D6: =IFERROR(IF($B6="","",المنيو!$C6),"") -> 130 | E6: =IFERROR(IF(OR($B6="",$D6=0,$D6=""),"",$N6/$D6),"") -> 0.56037231 | F6: =$F$2 -> 0.375 | G6: =IFERROR(IF($B6="","",$N6/$F6),"") -> 194.2624 | H6: =IFERROR(IF($B6="","",$D6-$N6),"") -> 57.1516 | I6: =IFERROR(IF(OR($B6="",$D6=0,$D6=""),"",$H6/$D6),"") -> 0.43962769 | J6: =$J$2 -> 0.25 | K6: =IFERROR(IF($B6="","",$E6+$J6),"") -> 0.81037231 | L6: =IFERROR(IF(OR($B6="",$C6=0,$C6=""),"",$I6+ROW()*0.0000001),"") -> 0.43962829 | M6: =$M$2 -> 0.9319 | N6: =IFERROR(IF($B6="","",$C6+$M6),"") -> 72.8484
A7: =IFERROR(IF(المنيو!$B7="","",المنيو!$A7),"") -> قسم البيتزا | B7: =IFERROR(المنيو!$B7,"") -> بيتزا سدق حجم اكبر | C7: =IFERROR(IF($B7="","",SUMIFS(الريسبي!$F$2:$F$1800,الريسبي!$A$2:$A$1800,$B7)),"") -> 95.291 | D7: =IFERROR(IF($B7="","",المنيو!$C7),"") -> 190 | E7: =IFERROR(IF(OR($B7="",$D7=0,$D7=""),"",$N7/$D7),"") -> 0.50643632 | F7: =$F$2 -> 0.375 | G7: =IFERROR(IF($B7="","",$N7/$F7),"") -> 256.5944 | H7: =IFERROR(IF($B7="","",$D7-$N7),"") -> 93.7771 | I7: =IFERROR(IF(OR($B7="",$D7=0,$D7=""),"",$H7/$D7),"") -> 0.49356368 | J7: =$J$2 -> 0.25 | K7: =IFERROR(IF($B7="","",$E7+$J7),"") -> 0.75643632 | L7: =IFERROR(IF(OR($B7="",$C7=0,$C7=""),"",$I7+ROW()*0.0000001),"") -> 0.49356438 | M7: =$M$2 -> 0.9319 | N7: =IFERROR(IF($B7="","",$C7+$M7),"") -> 96.2229
A8: =IFERROR(IF(المنيو!$B8="","",المنيو!$A8),"") -> قسم البيتزا | B8: =IFERROR(المنيو!$B8,"") -> بيتزا دبل سلامي / بيبروني وسط | C8: =IFERROR(IF($B8="","",SUMIFS(الريسبي!$F$2:$F$1800,الريسبي!$A$2:$A$1800,$B8)),"") -> 64.8873 | D8: =IFERROR(IF($B8="","",المنيو!$C8),"") -> 130 | E8: =IFERROR(IF(OR($B8="",$D8=0,$D8=""),"",$N8/$D8),"") -> 0.50630154 | F8: =$F$2 -> 0.375 | G8: =IFERROR(IF($B8="","",$N8/$F8),"") -> 175.51787 | H8: =IFERROR(IF($B8="","",$D8-$N8),"") -> 64.1808 | I8: =IFERROR(IF(OR($B8="",$D8=0,$D8=""),"",$H8/$D8),"") -> 0.49369846 | J8: =$J$2 -> 0.25 | K8: =IFERROR(IF($B8="","",$E8+$J8),"") -> 0.75630154 | L8: =IFERROR(IF(OR($B8="",$C8=0,$C8=""),"",$I8+ROW()*0.0000001),"") -> 0.49369926 | M8: =$M$2 -> 0.9319 | N8: =IFERROR(IF($B8="","",$C8+$M8),"") -> 65.8192
A9: =IFERROR(IF(المنيو!$B9="","",المنيو!$A9),"") -> قسم البيتزا | B9: =IFERROR(المنيو!$B9,"") -> بيتزا دبل سلامي / بيبروني حجم اكبر | C9: =IFERROR(IF($B9="","",SUMIFS(الريسبي!$F$2:$F$1800,الريسبي!$A$2:$A$1800,$B9)),"") -> 90.7472 | D9: =IFERROR(IF($B9="","",المنيو!$C9),"") -> 190 | E9: =IFERROR(IF(OR($B9="",$D9=0,$D9=""),"",$N9/$D9),"") -> 0.48252158 | F9: =$F$2 -> 0.375 | G9: =IFERROR(IF($B9="","",$N9/$F9),"") -> 244.4776 | H9: =IFERROR(IF($B9="","",$D9-$N9),"") -> 98.3209 | I9: =IFERROR(IF(OR($B9="",$D9=0,$D9=""),"",$H9/$D9),"") -> 0.51747842 | J9: =$J$2 -> 0.25 | K9: =IFERROR(IF($B9="","",$E9+$J9),"") -> 0.73252158 | L9: =IFERROR(IF(OR($B9="",$C9=0,$C9=""),"",$I9+ROW()*0.0000001),"") -> 0.51747932 | M9: =$M$2 -> 0.9319 | N9: =IFERROR(IF($B9="","",$C9+$M9),"") -> 91.6791
A10: =IFERROR(IF(المنيو!$B10="","",المنيو!$A10),"") -> قسم البيتزا | B10: =IFERROR(المنيو!$B10,"") -> بيتزا مشكل جبن وسط | C10: =IFERROR(IF($B10="","",SUMIFS(الريسبي!$F$2:$F$1800,الريسبي!$A$2:$A$1800,$B10)),"") -> 74.9165 | D10: =IFERROR(IF($B10="","",المنيو!$C10),"") -> 130 | E10: =IFERROR(IF(OR($B10="",$D10=0,$D10=""),"",$N10/$D10),"") -> 0.58344923 | F10: =$F$2 -> 0.375 | G10: =IFERROR(IF($B10="","",$N10/$F10),"") -> 202.2624 | H10: =IFERROR(IF($B10="","",$D10-$N10),"") -> 54.1516 | I10: =IFERROR(IF(OR($B10="",$D10=0,$D10=""),"",$H10/$D10),"") -> 0.41655077 | J10: =$J$2 -> 0.25 | K10: =IFERROR(IF($B10="","",$E10+$J10),"") -> 0.83344923 | L10: =IFERROR(IF(OR($B10="",$C10=0,$C10=""),"",$I10+ROW()*0.0000001),"") -> 0.41655177 | M10: =$M$2 -> 0.9319 | N10: =IFERROR(IF($B10="","",$C10+$M10),"") -> 75.8484
A11: =IFERROR(IF(المنيو!$B11="","",المنيو!$A11),"") -> قسم البيتزا | B11: =IFERROR(المنيو!$B11,"") -> بيتزا مشكل جبن حجم اكبر | C11: =IFERROR(IF($B11="","",SUMIFS(الريسبي!$F$2:$F$1800,الريسبي!$A$2:$A$1800,$B11)),"") -> 105.791 | D11: =IFERROR(IF($B11="","",المنيو!$C11),"") -> 190 | E11: =IFERROR(IF(OR($B11="",$D11=0,$D11=""),"",$N11/$D11),"") -> 0.56169947 | F11: =$F$2 -> 0.375 | G11: =IFERROR(IF($B11="","",$N11/$F11),"") -> 284.5944 | H11: =IFERROR(IF($B11="","",$D11-$N11),"") -> 83.2771 | I11: =IFERROR(IF(OR($B11="",$D11=0,$D11=""),"",$H11/$D11),"") -> 0.43830053 | J11: =$J$2 -> 0.25 | K11: =IFERROR(IF($B11="","",$E11+$J11),"") -> 0.81169947 | L11: =IFERROR(IF(OR($B11="",$C11=0,$C11=""),"",$I11+ROW()*0.0000001),"") -> 0.43830163 | M11: =$M$2 -> 0.9319 | N11: =IFERROR(IF($B11="","",$C11+$M11),"") -> 106.7229
A12: =IFERROR(IF(المنيو!$B12="","",المنيو!$A12),"") -> قسم البيتزا | B12: =IFERROR(المنيو!$B12,"") -> بيتزا فراخ رانش وسط | C12: =IFERROR(IF($B12="","",SUMIFS(الريسبي!$F$2:$F$1800,الريسبي!$A$2:$A$1800,$B12)),"") -> 82.3985 | D12: =IFERROR(IF($B12="","",المنيو!$C12),"") -> 150 | E12: =IFERROR(IF(OR($B12="",$D12=0,$D12=""),"",$N12/$D12),"") -> 0.555536 | F12: =$F$2 -> 0.375 | G12: =IFERROR(IF($B12="","",$N12/$F12),"") -> 222.2144 | H12: =IFERROR(IF($B12="","",$D12-$N12),"") -> 66.6696 | I12: =IFERROR(IF(OR($B12="",$D12=0,$D12=""),"",$H12/$D12),"") -> 0.444464 | J12: =$J$2 -> 0.25 | K12: =IFERROR(IF($B12="","",$E12+$J12),"") -> 0.805536 | L12: =IFERROR(IF(OR($B12="",$C12=0,$C12=""),"",$I12+ROW()*0.0000001),"") -> 0.4444652 | M12: =$M$2 -> 0.9319 | N12: =IFERROR(IF($B12="","",$C12+$M12),"") -> 83.3304
A13: =IFERROR(IF(المنيو!$B13="","",المنيو!$A13),"") -> قسم البيتزا | B13: =IFERROR(المنيو!$B13,"") -> بيتزا فراخ رانش حجم اكبر | C13: =IFERROR(IF($B13="","",SUMIFS(الريسبي!$F$2:$F$1800,الريسبي!$A$2:$A$1800,$B13)),"") -> 114.8227 | D13: =IFERROR(IF($B13="","",المنيو!$C13),"") -> 230 | E13: =IFERROR(IF(OR($B13="",$D13=0,$D13=""),"",$N13/$D13),"") -> 0.50328087 | F13: =$F$2 -> 0.375 | G13: =IFERROR(IF($B13="","",$N13/$F13),"") -> 308.67893 | H13: =IFERROR(IF($B13="","",$D13-$N13),"") -> 114.2454 | I13: =IFERROR(IF(OR($B13="",$D13=0,$D13=""),"",$H13/$D13),"") -> 0.49671913 | J13: =$J$2 -> 0.25 | K13: =IFERROR(IF($B13="","",$E13+$J13),"") -> 0.75328087 | L13: =IFERROR(IF(OR($B13="",$C13=0,$C13=""),"",$I13+ROW()*0.0000001),"") -> 0.49672043 | M13: =$M$2 -> 0.9319 | N13: =IFERROR(IF($B13="","",$C13+$M13),"") -> 115.7546
A14: =IFERROR(IF(المنيو!$B14="","",المنيو!$A14),"") -> قسم البيتزا | B14: =IFERROR(المنيو!$B14,"") -> بيتزا فراخ باربيكيو وسط | C14: =IFERROR(IF($B14="","",SUMIFS(الريسبي!$F$2:$F$1800,الريسبي!$A$2:$A$1800,$B14)),"") -> 78.8985 | D14: =IFERROR(IF($B14="","",المنيو!$C14),"") -> 150 | E14: =IFERROR(IF(OR($B14="",$D14=0,$D14=""),"",$N14/$D14),"") -> 0.53220267 | F14: =$F$2 -> 0.375 | G14: =IFERROR(IF($B14="","",$N14/$F14),"") -> 212.88107 | H14: =IFERROR(IF($B14="","",$D14-$N14),"") -> 70.1696 | I14: =IFERROR(IF(OR($B14="",$D14=0,$D14=""),"",$H14/$D14),"") -> 0.46779733 | J14: =$J$2 -> 0.25 | K14: =IFERROR(IF($B14="","",$E14+$J14),"") -> 0.78220267 | L14: =IFERROR(IF(OR($B14="",$C14=0,$C14=""),"",$I14+ROW()*0.0000001),"") -> 0.46779873 | M14: =$M$2 -> 0.9319 | N14: =IFERROR(IF($B14="","",$C14+$M14),"") -> 79.8304
... A299: =IFERROR(IF(المنيو!$B299="","",المنيو!$A299),"") | B299: =IFERROR(المنيو!$B299,"") -> 0 | C299: =IFERROR(IF($B299="","",SUMIFS(الريسبي!$F$2:$F$1800,الريسبي!$A$2:$A$1800,$B299)),"") | D299: =IFERROR(IF($B299="","",المنيو!$C299),"") | E299: =IFERROR(IF(OR($B299="",$D299=0,$D299=""),"",$N299/$D299),"") | F299: =$F$2 -> 0.375 | G299: =IFERROR(IF($B299="","",$N299/$F299),"") | H299: =IFERROR(IF($B299="","",$D299-$N299),"") | I299: =IFERROR(IF(OR($B299="",$D299=0,$D299=""),"",$H299/$D299),"") | J299: =$J$2 -> 0.25 | K299: =IFERROR(IF($B299="","",$E299+$J299),"") | L299: =IFERROR(IF(OR($B299="",$C299=0,$C299=""),"",$I299+ROW()*0.0000001),"") | M299: =$M$2 -> 0.9319 | N299: =IFERROR(IF($B299="","",$C299+$M299),"")

Sheet تكلفة العروض
A1: أ) مكونات كل عرض (اكتب اسم العرض والأصناف الداخلة فيه)
A2: اسم العرض | B2: الصنف الداخل في العرض (من المنيو) | C2: الكمية | D2: تكلفة الوحدة (جنيه) | E2: تكلفة السطر (جنيه)
A3: كومبو بيتزا مارجريتا + كريب بسطرمة | B3: بيتزا مارجريتا وسط | C3: 1 | D3: =IFERROR(INDEX('تحليل التكلفة والسعر'!$N$2:$N$300,MATCH($B3,'تحليل التكلفة والسعر'!$B$2:$B$300,0)),IFERROR(INDEX(المكونات!$C$2:$C$500,MATCH($B3,المكونات!$A$2:$A$500,0)),"")) -> 38.8484 | E3: =IFERROR($C3*$D3,"") -> 38.8484
A4: كومبو بيتزا مارجريتا + كريب بسطرمة | B4: كريب بسطرمة | C4: 1 | D4: =IFERROR(INDEX('تحليل التكلفة والسعر'!$N$2:$N$300,MATCH($B4,'تحليل التكلفة والسعر'!$B$2:$B$300,0)),IFERROR(INDEX(المكونات!$C$2:$C$500,MATCH($B4,المكونات!$A$2:$A$500,0)),"")) -> 52.367212 | E4: =IFERROR($C4*$D4,"") -> 52.367212
A5: كومبو هدية (برسيون بطاطس + بيبسي اكشن) | B5: برسيون بطاطس | C5: 1 | D5: =IFERROR(INDEX('تحليل التكلفة والسعر'!$N$2:$N$300,MATCH($B5,'تحليل التكلفة والسعر'!$B$2:$B$300,0)),IFERROR(INDEX(المكونات!$C$2:$C$500,MATCH($B5,المكونات!$A$2:$A$500,0)),"")) -> 5.65 | E5: =IFERROR($C5*$D5,"") -> 5.65
A6: كومبو هدية (برسيون بطاطس + بيبسي اكشن) | B6: بيبسي اكشن | C6: 1 | D6: =IFERROR(INDEX('تحليل التكلفة والسعر'!$N$2:$N$300,MATCH($B6,'تحليل التكلفة والسعر'!$B$2:$B$300,0)),IFERROR(INDEX(المكونات!$C$2:$C$500,MATCH($B6,المكونات!$A$2:$A$500,0)),"")) -> 6.09 | E6: =IFERROR($C6*$D6,"") -> 6.09
A7: هدية نص فطيرة كاستر | B7: عجين فطير | C7: 0.5 | D7: =IFERROR(INDEX('تحليل التكلفة والسعر'!$N$2:$N$300,MATCH($B7,'تحليل التكلفة والسعر'!$B$2:$B$300,0)),IFERROR(INDEX(المكونات!$C$2:$C$500,MATCH($B7,المكونات!$A$2:$A$500,0)),"")) -> 4 | E7: =IFERROR($C7*$D7,"") -> 2
A8: هدية نص فطيرة كاستر | B8: كاسترد مصنع (خليط بودر + لبن) | C8: 0.075 | D8: =IFERROR(INDEX('تحليل التكلفة والسعر'!$N$2:$N$300,MATCH($B8,'تحليل التكلفة والسعر'!$B$2:$B$300,0)),IFERROR(INDEX(المكونات!$C$2:$C$500,MATCH($B8,المكونات!$A$2:$A$500,0)),"")) -> 23.56668 | E8: =IFERROR($C8*$D8,"") -> 1.767501
A9: هدية نص فطيرة كاستر | B9: سكر بودرة | C9: 0.025 | D9: =IFERROR(INDEX('تحليل التكلفة والسعر'!$N$2:$N$300,MATCH($B9,'تحليل التكلفة والسعر'!$B$2:$B$300,0)),IFERROR(INDEX(المكونات!$C$2:$C$500,MATCH($B9,المكونات!$A$2:$A$500,0)),"")) -> 30.6593 | E9: =IFERROR($C9*$D9,"") -> 0.7664825
A10: هدية نص فطيرة كاستر | B10: لبن | C10: 0.075 | D10: =IFERROR(INDEX('تحليل التكلفة والسعر'!$N$2:$N$300,MATCH($B10,'تحليل التكلفة والسعر'!$B$2:$B$300,0)),IFERROR(INDEX(المكونات!$C$2:$C$500,MATCH($B10,المكونات!$A$2:$A$500,0)),"")) -> 20.6667 | E10: =IFERROR($C10*$D10,"") -> 1.5500025
A11: هدية نص فطيرة كاستر | B11: اطباق فوم نص كيلو | C11: 1 | D11: =IFERROR(INDEX('تحليل التكلفة والسعر'!$N$2:$N$300,MATCH($B11,'تحليل التكلفة والسعر'!$B$2:$B$300,0)),IFERROR(INDEX(المكونات!$C$2:$C$500,MATCH($B11,المكونات!$A$2:$A$500,0)),"")) -> 0.5 | E11: =IFERROR($C11*$D11,"") -> 0.5
A12: هدية نص فطيرة كاستر | B12: بكر استريتش | C12: 1 | D12: =IFERROR(INDEX('تحليل التكلفة والسعر'!$N$2:$N$300,MATCH($B12,'تحليل التكلفة والسعر'!$B$2:$B$300,0)),IFERROR(INDEX(المكونات!$C$2:$C$500,MATCH($B12,المكونات!$A$2:$A$500,0)),"")) -> 3.65 | E12: =IFERROR($C12*$D12,"") -> 3.65
A13: هدية نص فطيرة كاستر | B13: شوك بلاستيك | C13: 1 | D13: =IFERROR(INDEX('تحليل التكلفة والسعر'!$N$2:$N$300,MATCH($B13,'تحليل التكلفة والسعر'!$B$2:$B$300,0)),IFERROR(INDEX(المكونات!$C$2:$C$500,MATCH($B13,المكونات!$A$2:$A$500,0)),"")) -> 0.3 | E13: =IFERROR($C13*$D13,"") -> 0.3
A14: هدية نص فطيرة كاستر | B14: جلافزات شفاف | C14: 1 | D14: =IFERROR(INDEX('تحليل التكلفة والسعر'!$N$2:$N$300,MATCH($B14,'تحليل التكلفة والسعر'!$B$2:$B$300,0)),IFERROR(INDEX(المكونات!$C$2:$C$500,MATCH($B14,المكونات!$A$2:$A$500,0)),"")) -> 0.18 | E14: =IFERROR($C14*$D14,"") -> 0.18
... A33: عرض الدويتو (مثال: مارجريتا+سلامي) | B33: بيتزا دبل سلامي / بيبروني وسط | C33: 1 | D33: =IFERROR(INDEX('تحليل التكلفة والسعر'!$N$2:$N$300,MATCH($B33,'تحليل التكلفة والسعر'!$B$2:$B$300,0)),IFERROR(INDEX(المكونات!$C$2:$C$500,MATCH($B33,المكونات!$A$2:$A$500,0)),"")) -> 65.8192 | E33: =IFERROR($C33*$D33,"") -> 65.8192
D34: =IFERROR(INDEX('تحليل التكلفة والسعر'!$N$2:$N$300,MATCH($B34,'تحليل التكلفة والسعر'!$B$2:$B$300,0)),IFERROR(INDEX(المكونات!$C$2:$C$500,MATCH($B34,المكونات!$A$2:$A$500,0)),"")) | E34: =IFERROR($C34*$D34,"")
D35: =IFERROR(INDEX('تحليل التكلفة والسعر'!$N$2:$N$300,MATCH($B35,'تحليل التكلفة والسعر'!$B$2:$B$300,0)),IFERROR(INDEX(المكونات!$C$2:$C$500,MATCH($B35,المكونات!$A$2:$A$500,0)),"")) | E35: =IFERROR($C35*$D35,"")
D36: =IFERROR(INDEX('تحليل التكلفة والسعر'!$N$2:$N$300,MATCH($B36,'تحليل التكلفة والسعر'!$B$2:$B$300,0)),IFERROR(INDEX(المكونات!$C$2:$C$500,MATCH($B36,المكونات!$A$2:$A$500,0)),"")) | E36: =IFERROR($C36*$D36,"")
D37: =IFERROR(INDEX('تحليل التكلفة والسعر'!$N$2:$N$300,MATCH($B37,'تحليل التكلفة والسعر'!$B$2:$B$300,0)),IFERROR(INDEX(المكونات!$C$2:$C$500,MATCH($B37,المكونات!$A$2:$A$500,0)),"")) | E37: =IFERROR($C37*$D37,"")
D38: =IFERROR(INDEX('تحليل التكلفة والسعر'!$N$2:$N$300,MATCH($B38,'تحليل التكلفة والسعر'!$B$2:$B$300,0)),IFERROR(INDEX(المكونات!$C$2:$C$500,MATCH($B38,المكونات!$A$2:$A$500,0)),"")) | E38: =IFERROR($C38*$D38,"")
D39: =IFERROR(INDEX('تحليل التكلفة والسعر'!$N$2:$N$300,MATCH($B39,'تحليل التكلفة والسعر'!$B$2:$B$300,0)),IFERROR(INDEX(المكونات!$C$2:$C$500,MATCH($B39,المكونات!$A$2:$A$500,0)),"")) | E39: =IFERROR($C39*$D39,"")
D40: =IFERROR(INDEX('تحليل التكلفة والسعر'!$N$2:$N$300,MATCH($B40,'تحليل التكلفة والسعر'!$B$2:$B$300,0)),IFERROR(INDEX(المكونات!$C$2:$C$500,MATCH($B40,المكونات!$A$2:$A$500,0)),"")) | E40: =IFERROR($C40*$D40,"")
D41: =IFERROR(INDEX('تحليل التكلفة والسعر'!$N$2:$N$300,MATCH($B41,'تحليل التكلفة والسعر'!$B$2:$B$300,0)),IFERROR(INDEX(المكونات!$C$2:$C$500,MATCH($B41,المكونات!$A$2:$A$500,0)),"")) | E41: =IFERROR($C41*$D41,"")
D42: =IFERROR(INDEX('تحليل التكلفة والسعر'!$N$2:$N$300,MATCH($B42,'تحليل التكلفة والسعر'!$B$2:$B$300,0)),IFERROR(INDEX(المكونات!$C$2:$C$500,MATCH($B42,المكونات!$A$2:$A$500,0)),"")) | E42: =IFERROR($C42*$D42,"")
D43: =IFERROR(INDEX('تحليل التكلفة والسعر'!$N$2:$N$300,MATCH($B43,'تحليل التكلفة والسعر'!$B$2:$B$300,0)),IFERROR(INDEX(المكونات!$C$2:$C$500,MATCH($B43,المكونات!$A$2:$A$500,0)),"")) | E43: =IFERROR($C43*$D43,"")
D44: =IFERROR(INDEX('تحليل التكلفة والسعر'!$N$2:$N$300,MATCH($B44,'تحليل التكلفة والسعر'!$B$2:$B$300,0)),IFERROR(INDEX(المكونات!$C$2:$C$500,MATCH($B44,المكونات!$A$2:$A$500,0)),"")) | E44: =IFERROR($C44*$D44,"")
D45: =IFERROR(INDEX('تحليل التكلفة والسعر'!$N$2:$N$300,MATCH($B45,'تحليل التكلفة والسعر'!$B$2:$B$300,0)),IFERROR(INDEX(المكونات!$C$2:$C$500,MATCH($B45,المكونات!$A$2:$A$500,0)),"")) | E45: =IFERROR($C45*$D45,"")
... D202: =IFERROR(INDEX('تحليل التكلفة والسعر'!$N$2:$N$300,MATCH($B202,'تحليل التكلفة والسعر'!$B$2:$B$300,0)),IFERROR(INDEX(المكونات!$C$2:$C$500,MATCH($B202,المكونات!$A$2:$A$500,0)),"")) | E202: =IFERROR($C202*$D202,"")
A204: ب) ملخص تكلفة وسعر كل عرض
A205: اسم العرض | B205: إجمالي تكلفة العرض (جنيه) | C205: سعر بيع العرض المقترح (جنيه) | D205: % تكلفة الطعام للعرض | E205: السعر العادل لتحقيق النسبة المستهدفة | F205: الربح لكل عرض (جنيه)
A206: كومبو بيتزا مارجريتا + كريب بسطرمة | B206: =IFERROR(IF($A206="","",SUMIFS($E$3:$E$202,$A$3:$A$202,$A206)),"") -> 91.215612 | C206: 160 | D206: =IFERROR(IF(OR($A206="",$C206=0,$C206=""),"",$B206/$C206),"") -> 0.57009758 | E206: =IFERROR(IF($A206="","",$B206/'تحليل التكلفة والسعر'!$F$2),"") -> 243.24163 | F206: =IFERROR(IF($A206="","",$C206-$B206),"") -> 68.784388
A207: كومبو هدية (برسيون بطاطس + بيبسي اكشن) | B207: =IFERROR(IF($A207="","",SUMIFS($E$3:$E$202,$A$3:$A$202,$A207)),"") -> 11.74 | C207: 0 | D207: =IFERROR(IF(OR($A207="",$C207=0,$C207=""),"",$B207/$C207),"") | E207: =IFERROR(IF($A207="","",$B207/'تحليل التكلفة والسعر'!$F$2),"") -> 31.306667 | F207: =IFERROR(IF($A207="","",$C207-$B207),"") -> -11.74
A208: هدية نص فطيرة كاستر | B208: =IFERROR(IF($A208="","",SUMIFS($E$3:$E$202,$A$3:$A$202,$A208)),"") -> 10.713986 | C208: 0 | D208: =IFERROR(IF(OR($A208="",$C208=0,$C208=""),"",$B208/$C208),"") | E208: =IFERROR(IF($A208="","",$B208/'تحليل التكلفة والسعر'!$F$2),"") -> 28.570629 | F208: =IFERROR(IF($A208="","",$C208-$B208),"") -> -10.713986
A209: هدية نص فطيرة شيكولاتة | B209: =IFERROR(IF($A209="","",SUMIFS($E$3:$E$202,$A$3:$A$202,$A209)),"") -> 20.110157 | C209: 0 | D209: =IFERROR(IF(OR($A209="",$C209=0,$C209=""),"",$B209/$C209),"") | E209: =IFERROR(IF($A209="","",$B209/'تحليل التكلفة والسعر'!$F$2),"") -> 53.627085 | F209: =IFERROR(IF($A209="","",$C209-$B209),"") -> -20.110157
A210: عرض التريبل بيتزا (مثال: مارجريتا+سدق+بسطرمة) | B210: =IFERROR(IF($A210="","",SUMIFS($E$3:$E$202,$A$3:$A$202,$A210)),"") -> 185.5452 | C210: 250 | D210: =IFERROR(IF(OR($A210="",$C210=0,$C210=""),"",$B210/$C210),"") -> 0.7421808 | E210: =IFERROR(IF($A210="","",$B210/'تحليل التكلفة والسعر'!$F$2),"") -> 494.7872 | F210: =IFERROR(IF($A210="","",$C210-$B210),"") -> 64.4548
A211: عرض الاكيلة (سدق+بسطرمة+سكر كاستر) | B211: =IFERROR(IF($A211="","",SUMIFS($E$3:$E$202,$A$3:$A$202,$A211)),"") -> 166.74167 | C211: 250 | D211: =IFERROR(IF(OR($A211="",$C211=0,$C211=""),"",$B211/$C211),"") -> 0.66696669 | E211: =IFERROR(IF($A211="","",$B211/'تحليل التكلفة والسعر'!$F$2),"") -> 444.64446 | F211: =IFERROR(IF($A211="","",$C211-$B211),"") -> 83.258328
A212: عرض البرجر (مثال: قنبلة برجر + كومبو هدية) | B212: =IFERROR(IF($A212="","",SUMIFS($E$3:$E$202,$A$3:$A$202,$A212)),"") -> 91.8984 | C212: 150 | D212: =IFERROR(IF(OR($A212="",$C212=0,$C212=""),"",$B212/$C212),"") -> 0.612656 | E212: =IFERROR(IF($A212="","",$B212/'تحليل التكلفة والسعر'!$F$2),"") -> 245.0624 | F212: =IFERROR(IF($A212="","",$C212-$B212),"") -> 58.1016
A213: عرض الدويتو (مثال: مارجريتا+سلامي) | B213: =IFERROR(IF($A213="","",SUMIFS($E$3:$E$202,$A$3:$A$202,$A213)),"") -> 104.6676 | C213: 200 | D213: =IFERROR(IF(OR($A213="",$C213=0,$C213=""),"",$B213/$C213),"") -> 0.523338 | E213: =IFERROR(IF($A213="","",$B213/'تحليل التكلفة والسعر'!$F$2),"") -> 279.1136 | F213: =IFERROR(IF($A213="","",$C213-$B213),"") -> 95.3324
B214: =IFERROR(IF($A214="","",SUMIFS($E$3:$E$202,$A$3:$A$202,$A214)),"") | D214: =IFERROR(IF(OR($A214="",$C214=0,$C214=""),"",$B214/$C214),"") | E214: =IFERROR(IF($A214="","",$B214/'تحليل التكلفة والسعر'!$F$2),"") | F214: =IFERROR(IF($A214="","",$C214-$B214),"")
B215: =IFERROR(IF($A215="","",SUMIFS($E$3:$E$202,$A$3:$A$202,$A215)),"") | D215: =IFERROR(IF(OR($A215="",$C215=0,$C215=""),"",$B215/$C215),"") | E215: =IFERROR(IF($A215="","",$B215/'تحليل التكلفة والسعر'!$F$2),"") | F215: =IFERROR(IF($A215="","",$C215-$B215),"")
B216: =IFERROR(IF($A216="","",SUMIFS($E$3:$E$202,$A$3:$A$202,$A216)),"") | D216: =IFERROR(IF(OR($A216="",$C216=0,$C216=""),"",$B216/$C216),"") | E216: =IFERROR(IF($A216="","",$B216/'تحليل التكلفة والسعر'!$F$2),"") | F216: =IFERROR(IF($A216="","",$C216-$B216),"")
B217: =IFERROR(IF($A217="","",SUMIFS($E$3:$E$202,$A$3:$A$202,$A217)),"") | D217: =IFERROR(IF(OR($A217="",$C217=0,$C217=""),"",$B217/$C217),"") | E217: =IFERROR(IF($A217="","",$B217/'تحليل التكلفة والسعر'!$F$2),"") | F217: =IFERROR(IF($A217="","",$C217-$B217),"")
B218: =IFERROR(IF($A218="","",SUMIFS($E$3:$E$202,$A$3:$A$202,$A218)),"") | D218: =IFERROR(IF(OR($A218="",$C218=0,$C218=""),"",$B218/$C218),"") | E218: =IFERROR(IF($A218="","",$B218/'تحليل التكلفة والسعر'!$F$2),"") | F218: =IFERROR(IF($A218="","",$C218-$B218),"")
B219: =IFERROR(IF($A219="","",SUMIFS($E$3:$E$202,$A$3:$A$202,$A219)),"") | D219: =IFERROR(IF(OR($A219="",$C219=0,$C219=""),"",$B219/$C219),"") | E219: =IFERROR(IF($A219="","",$B219/'تحليل التكلفة والسعر'!$F$2),"") | F219: =IFERROR(IF($A219="","",$C219-$B219),"")
B220: =IFERROR(IF($A220="","",SUMIFS($E$3:$E$202,$A$3:$A$202,$A220)),"") | D220: =IFERROR(IF(OR($A220="",$C220=0,$C220=""),"",$B220/$C220),"") | E220: =IFERROR(IF($A220="","",$B220/'تحليل التكلفة والسعر'!$F$2),"") | F220: =IFERROR(IF($A220="","",$C220-$B220),"")
B221: =IFERROR(IF($A221="","",SUMIFS($E$3:$E$202,$A$3:$A$202,$A221)),"") | D221: =IFERROR(IF(OR($A221="",$C221=0,$C221=""),"",$B221/$C221),"") | E221: =IFERROR(IF($A221="","",$B221/'تحليل التكلفة والسعر'!$F$2),"") | F221: =IFERROR(IF($A221="","",$C221-$B221),"")
B222: =IFERROR(IF($A222="","",SUMIFS($E$3:$E$202,$A$3:$A$202,$A222)),"") | D222: =IFERROR(IF(OR($A222="",$C222=0,$C222=""),"",$B222/$C222),"") | E222: =IFERROR(IF($A222="","",$B222/'تحليل التكلفة والسعر'!$F$2),"") | F222: =IFERROR(IF($A222="","",$C222-$B222),"")
B223: =IFERROR(IF($A223="","",SUMIFS($E$3:$E$202,$A$3:$A$202,$A223)),"") | D223: =IFERROR(IF(OR($A223="",$C223=0,$C223=""),"",$B223/$C223),"") | E223: =IFERROR(IF($A223="","",$B223/'تحليل التكلفة والسعر'!$F$2),"") | F223: =IFERROR(IF($A223="","",$C223-$B223),"")
B224: =IFERROR(IF($A224="","",SUMIFS($E$3:$E$202,$A$3:$A$202,$A224)),"") | D224: =IFERROR(IF(OR($A224="",$C224=0,$C224=""),"",$B224/$C224),"") | E224: =IFERROR(IF($A224="","",$B224/'تحليل التكلفة والسعر'!$F$2),"") | F224: =IFERROR(IF($A224="","",$C224-$B224),"")
B225: =IFERROR(IF($A225="","",SUMIFS($E$3:$E$202,$A$3:$A$202,$A225)),"") | D225: =IFERROR(IF(OR($A225="",$C225=0,$C225=""),"",$B225/$C225),"") | E225: =IFERROR(IF($A225="","",$B225/'تحليل التكلفة والسعر'!$F$2),"") | F225: =IFERROR(IF($A225="","",$C225-$B225),"")
... B265: =IFERROR(IF($A265="","",SUMIFS($E$3:$E$202,$A$3:$A$202,$A265)),"") | D265: =IFERROR(IF(OR($A265="",$C265=0,$C265=""),"",$B265/$C265),"") | E265: =IFERROR(IF($A265="","",$B265/'تحليل التكلفة والسعر'!$F$2),"") | F265: =IFERROR(IF($A265="","",$C265-$B265),"")

Sheet تتبع الهدر
A1: تتبع الهدر (الفرق بين التكلفة النظرية والفعلية)
A2: طريقة الاستخدام: كل فترة جرد (أسبوعي/شهري)، هات إجمالي كمية كل مكون خرجت فعليًا من المخزن (من الجرد)، والشيت هيقارنها بالكمية النظرية اللي المفروض تتستهلك حسب مبيعات الفترة والريسبي. الفرق = هدر أو تسرب أو أخطاء تحضير.
A4: الفترة (من - إلى) | B4: الفرع | C4: اسم المكون (من شيت المكونات) | D4: الكمية النظرية المفروضة (حسب المبيعات والريسبي) | E4: الكمية الفعلية المنصرفة (من الجرد) | F4: الفرق (هدر) | G4: % الهدر | H4: تكلفة الهدر (جنيه)
F5: =IFERROR(IF($C5="","",$E5-$D5),"") | G5: =IFERROR(IF(OR($C5="",$D5=0,$D5=""),"",$F5/$D5),"") | H5: =IFERROR(IF($C5="","",$F5*INDEX(المكونات!$C$2:$C$500,MATCH($C5,المكونات!$A$2:$A$500,0))),"")
F6: =IFERROR(IF($C6="","",$E6-$D6),"") | G6: =IFERROR(IF(OR($C6="",$D6=0,$D6=""),"",$F6/$D6),"") | H6: =IFERROR(IF($C6="","",$F6*INDEX(المكونات!$C$2:$C$500,MATCH($C6,المكونات!$A$2:$A$500,0))),"")
F7: =IFERROR(IF($C7="","",$E7-$D7),"") | G7: =IFERROR(IF(OR($C7="",$D7=0,$D7=""),"",$F7/$D7),"") | H7: =IFERROR(IF($C7="","",$F7*INDEX(المكونات!$C$2:$C$500,MATCH($C7,المكونات!$A$2:$A$500,0))),"")
F8: =IFERROR(IF($C8="","",$E8-$D8),"") | G8: =IFERROR(IF(OR($C8="",$D8=0,$D8=""),"",$F8/$D8),"") | H8: =IFERROR(IF($C8="","",$F8*INDEX(المكونات!$C$2:$C$500,MATCH($C8,المكونات!$A$2:$A$500,0))),"")
F9: =IFERROR(IF($C9="","",$E9-$D9),"") | G9: =IFERROR(IF(OR($C9="",$D9=0,$D9=""),"",$F9/$D9),"") | H9: =IFERROR(IF($C9="","",$F9*INDEX(المكونات!$C$2:$C$500,MATCH($C9,المكونات!$A$2:$A$500,0))),"")
F10: =IFERROR(IF($C10="","",$E10-$D10),"") | G10: =IFERROR(IF(OR($C10="",$D10=0,$D10=""),"",$F10/$D10),"") | H10: =IFERROR(IF($C10="","",$F10*INDEX(المكونات!$C$2:$C$500,MATCH($C10,المكونات!$A$2:$A$500,0))),"")
F11: =IFERROR(IF($C11="","",$E11-$D11),"") | G11: =IFERROR(IF(OR($C11="",$D11=0,$D11=""),"",$F11/$D11),"") | H11: =IFERROR(IF($C11="","",$F11*INDEX(المكونات!$C$2:$C$500,MATCH($C11,المكونات!$A$2:$A$500,0))),"")
F12: =IFERROR(IF($C12="","",$E12-$D12),"") | G12: =IFERROR(IF(OR($C12="",$D12=0,$D12=""),"",$F12/$D12),"") | H12: =IFERROR(IF($C12="","",$F12*INDEX(المكونات!$C$2:$C$500,MATCH($C12,المكونات!$A$2:$A$500,0))),"")
F13: =IFERROR(IF($C13="","",$E13-$D13),"") | G13: =IFERROR(IF(OR($C13="",$D13=0,$D13=""),"",$F13/$D13),"") | H13: =IFERROR(IF($C13="","",$F13*INDEX(المكونات!$C$2:$C$500,MATCH($C13,المكونات!$A$2:$A$500,0))),"")
F14: =IFERROR(IF($C14="","",$E14-$D14),"") | G14: =IFERROR(IF(OR($C14="",$D14=0,$D14=""),"",$F14/$D14),"") | H14: =IFERROR(IF($C14="","",$F14*INDEX(المكونات!$C$2:$C$500,MATCH($C14,المكونات!$A$2:$A$500,0))),"")
F15: =IFERROR(IF($C15="","",$E15-$D15),"") | G15: =IFERROR(IF(OR($C15="",$D15=0,$D15=""),"",$F15/$D15),"") | H15: =IFERROR(IF($C15="","",$F15*INDEX(المكونات!$C$2:$C$500,MATCH($C15,المكونات!$A$2:$A$500,0))),"")
F16: =IFERROR(IF($C16="","",$E16-$D16),"") | G16: =IFERROR(IF(OR($C16="",$D16=0,$D16=""),"",$F16/$D16),"") | H16: =IFERROR(IF($C16="","",$F16*INDEX(المكونات!$C$2:$C$500,MATCH($C16,المكونات!$A$2:$A$500,0))),"")
... F304: =IFERROR(IF($C304="","",$E304-$D304),"") | G304: =IFERROR(IF(OR($C304="",$D304=0,$D304=""),"",$F304/$D304),"") | H304: =IFERROR(IF($C304="","",$F304*INDEX(المكونات!$C$2:$C$500,MATCH($C304,المكونات!$A$2:$A$500,0))),"")

Sheet هندسة المنيو
A1: هندسة المنيو (Menu Engineering)
A2: الكميات من تقرير مبيعات يوليو 2026 (فرع محرم بك) - المنيو العادي والأبليكيشن اتحسبوا منفصلين لأن سعر الأبليكيشن أعلى (عمولة ~35%). العروض والكومبوهات (زي عرض التريبل، نص كاستر، نص شيكولاتة) مش داخلة هنا لأنها مبيعات مشتركة بين أكتر من صنف. التصنيف: نجم = مبيعات ومكسب فوق المتوسط، حصان عمل = مبيعات عالية بس مكسب أقل من المتوسط، لغز = مكسب عالي بس مبيعات قليلة، كلب = الاتنين تحت المتوسط.
A4: القسم | B4: اسم الصنف | C4: سعر البيع | D4: % هامش الربح | E4: كمية المبيعات - المنيو العادي (يوليو) | F4: تصنيف Menu Engineering - المنيو العادي | G4: كمية المبيعات - الأبليكيشن (يوليو) | H4: تصنيف Menu Engineering - الأبليكيشن
A5: قسم البيتزا | B5: بيتزا مارجريتا وسط | C5: =IFERROR(INDEX('تحليل التكلفة والسعر'!$D$2:$D$700,MATCH("بيتزا مارجريتا وسط",'تحليل التكلفة والسعر'!$B$2:$B$700,0)),"") -> 90 | D5: =IFERROR(INDEX('تحليل التكلفة والسعر'!$I$2:$I$700,MATCH("بيتزا مارجريتا وسط",'تحليل التكلفة والسعر'!$B$2:$B$700,0)),"") -> 0.56835111 | E5: 612 | F5: =IF(OR(NOT(INDEX('تحليل التكلفة والسعر'!$C$2:$C$700,MATCH("بيتزا مارجريتا وسط",'تحليل التكلفة والسعر'!$B$2:$B$700,0))>0),$E5=0),"بيانات غير كافية",IF(AND($E5>=AVERAGEIFS($E$5:$E$175,$A$5:$A$175,$A5,$E$5:$E$175,">0"),INDEX('تحليل التكلفة والسعر'!$H$2:$H$700,MATCH("بيتزا مارجريتا وسط",'تحليل التكلفة والسعر'!$B$2:$B$700,0))>=AVERAGEIFS('تحليل التكلفة والسعر'!$H$2:$H$700,'تحليل التكلفة والسعر'!$A$2:$A$700,$A5,'تحليل التكلفة والسعر'!$C$2:$C$700,">0")),"⭐ نجم",IF(AND($E5>=AVERAGEIFS($E$5:$E$175,$A$5:$A$175,$A5,$E$5:$E$175,">0"),INDEX('تحليل التكلفة والسعر'!$H$2:$H$700,MATCH("بيتزا مارجريتا وسط",'تحليل التكلفة والسعر'!$B$2:$B$700,0))<AVERAGEIFS('تحليل التكلفة والسعر'!$H$2:$H$700,'تحليل التكلفة والسعر'!$A$2:$A$700,$A5,'تحليل التكلفة والسعر'!$C$2:$C$700,">0")),"🐎 حصان عمل",IF(AND($E5<AVERAGEIFS($E$5:$E$175,$A$5:$A$175,$A5,$E$5:$E$175,">0"),INDEX('تحليل التكلفة والسعر'!$H$2:$H$700,MATCH("بيتزا مارجريتا وسط",'تحليل التكلفة والسعر'!$B$2:$B$700,0))>=AVERAGEIFS('تحليل التكلفة والسعر'!$H$2:$H$700,'تحليل التكلفة والسعر'!$A$2:$A$700,$A5,'تحليل التكلفة والسعر'!$C$2:$C$700,">0")),"🧩 لغز","🐶 كلب")))) -> 🐎 حصان عمل | G5: 74 | H5: =IF(OR(NOT(INDEX('تحليل التكلفة والسعر'!$C$2:$C$700,MATCH("بيتزا مارجريتا وسط",'تحليل التكلفة والسعر'!$B$2:$B$700,0))>0),$G5=0),"بيانات غير كافية",IF(AND($G5>=AVERAGEIFS($G$5:$G$175,$A$5:$A$175,$A5,$G$5:$G$175,">0"),INDEX('تحليل التكلفة والسعر'!$H$2:$H$700,MATCH("بيتزا مارجريتا وسط",'تحليل التكلفة والسعر'!$B$2:$B$700,0))>=AVERAGEIFS('تحليل التكلفة والسعر'!$H$2:$H$700,'تحليل التكلفة والسعر'!$A$2:$A$700,$A5,'تحليل التكلفة والسعر'!$C$2:$C$700,">0")),"⭐ نجم",IF(AND($G5>=AVERAGEIFS($G$5:$G$175,$A$5:$A$175,$A5,$G$5:$G$175,">0"),INDEX('تحليل التكلفة والسعر'!$H$2:$H$700,MATCH("بيتزا مارجريتا وسط",'تحليل التكلفة والسعر'!$B$2:$B$700,0))<AVERAGEIFS('تحليل التكلفة والسعر'!$H$2:$H$700,'تحليل التكلفة والسعر'!$A$2:$A$700,$A5,'تحليل التكلفة والسعر'!$C$2:$C$700,">0")),"🐎 حصان عمل",IF(AND($G5<AVERAGEIFS($G$5:$G$175,$A$5:$A$175,$A5,$G$5:$G$175,">0"),INDEX('تحليل التكلفة والسعر'!$H$2:$H$700,MATCH("بيتزا مارجريتا وسط",'تحليل التكلفة والسعر'!$B$2:$B$700,0))>=AVERAGEIFS('تحليل التكلفة والسعر'!$H$2:$H$700,'تحليل التكلفة والسعر'!$A$2:$A$700,$A5,'تحليل التكلفة والسعر'!$C$2:$C$700,">0")),"🧩 لغز","🐶 كلب")))) -> 🐎 حصان عمل
A6: قسم البيتزا | B6: بيتزا مارجريتا حجم اكبر | C6: =IFERROR(INDEX('تحليل التكلفة والسعر'!$D$2:$D$700,MATCH("بيتزا مارجريتا حجم اكبر",'تحليل التكلفة والسعر'!$B$2:$B$700,0)),"") -> 120 | D6: =IFERROR(INDEX('تحليل التكلفة والسعر'!$I$2:$I$700,MATCH("بيتزا مارجريتا حجم اكبر",'تحليل التكلفة والسعر'!$B$2:$B$700,0)),"") -> 0.5731425 | E6: 59 | F6: =IF(OR(NOT(INDEX('تحليل التكلفة والسعر'!$C$2:$C$700,MATCH("بيتزا مارجريتا حجم اكبر",'تحليل التكلفة والسعر'!$B$2:$B$700,0))>0),$E6=0),"بيانات غير كافية",IF(AND($E6>=AVERAGEIFS($E$5:$E$175,$A$5:$A$175,$A6,$E$5:$E$175,">0"),INDEX('تحليل التكلفة والسعر'!$H$2:$H$700,MATCH("بيتزا مارجريتا حجم اكبر",'تحليل التكلفة والسعر'!$B$2:$B$700,0))>=AVERAGEIFS('تحليل التكلفة والسعر'!$H$2:$H$700,'تحليل التكلفة والسعر'!$A$2:$A$700,$A6,'تحليل التكلفة والسعر'!$C$2:$C$700,">0")),"⭐ نجم",IF(AND($E6>=AVERAGEIFS($E$5:$E$175,$A$5:$A$175,$A6,$E$5:$E$175,">0"),INDEX('تحليل التكلفة والسعر'!$H$2:$H$700,MATCH("بيتزا مارجريتا حجم اكبر",'تحليل التكلفة والسعر'!$B$2:$B$700,0))<AVERAGEIFS('تحليل التكلفة والسعر'!$H$2:$H$700,'تحليل التكلفة والسعر'!$A$2:$A$700,$A6,'تحليل التكلفة والسعر'!$C$2:$C$700,">0")),"🐎 حصان عمل",IF(AND($E6<AVERAGEIFS($E$5:$E$175,$A$5:$A$175,$A6,$E$5:$E$175,">0"),INDEX('تحليل التكلفة والسعر'!$H$2:$H$700,MATCH("بيتزا مارجريتا حجم اكبر",'تحليل التكلفة والسعر'!$B$2:$B$700,0))>=AVERAGEIFS('تحليل التكلفة والسعر'!$H$2:$H$700,'تحليل التكلفة والسعر'!$A$2:$A$700,$A6,'تحليل التكلفة والسعر'!$C$2:$C$700,">0")),"🧩 لغز","🐶 كلب")))) -> 🐶 كلب | G6: 25 | H6: =IF(OR(NOT(INDEX('تحليل التكلفة والسعر'!$C$2:$C$700,MATCH("بيتزا مارجريتا حجم اكبر",'تحليل التكلفة والسعر'!$B$2:$B$700,0))>0),$G6=0),"بيانات غير كافية",IF(AND($G6>=AVERAGEIFS($G$5:$G$175,$A$5:$A$175,$A6,$G$5:$G$175,">0"),INDEX('تحليل التكلفة والسعر'!$H$2:$H$700,MATCH("بيتزا مارجريتا حجم اكبر",'تحليل التكلفة والسعر'!$B$2:$B$700,0))>=AVERAGEIFS('تحليل التكلفة والسعر'!$H$2:$H$700,'تحليل التكلفة والسعر'!$A$2:$A$700,$A6,'تحليل التكلفة والسعر'!$C$2:$C$700,">0")),"⭐ نجم",IF(AND($G6>=AVERAGEIFS($G$5:$G$175,$A$5:$A$175,$A6,$G$5:$G$175,">0"),INDEX('تحليل التكلفة والسعر'!$H$2:$H$700,MATCH("بيتزا مارجريتا حجم اكبر",'تحليل التكلفة والسعر'!$B$2:$B$700,0))<AVERAGEIFS('تحليل التكلفة والسعر'!$H$2:$H$700,'تحليل التكلفة والسعر'!$A$2:$A$700,$A6,'تحليل التكلفة والسعر'!$C$2:$C$700,">0")),"🐎 حصان عمل",IF(AND($G6<AVERAGEIFS($G$5:$G$175,$A$5:$A$175,$A6,$G$5:$G$175,">0"),INDEX('تحليل التكلفة والسعر'!$H$2:$H$700,MATCH("بيتزا مارجريتا حجم اكبر",'تحليل التكلفة والسعر'!$B$2:$B$700,0))>=AVERAGEIFS('تحليل التكلفة والسعر'!$H$2:$H$700,'تحليل التكلفة والسعر'!$A$2:$A$700,$A6,'تحليل التكلفة والسعر'!$C$2:$C$700,">0")),"🧩 لغز","🐶 كلب")))) -> 🐎 حصان عمل
A7: قسم البيتزا | B7: بيتزا بسطرمة وسط | C7: =IFERROR(INDEX('تحليل التكلفة والسعر'!$D$2:$D$700,MATCH("بيتزا بسطرمة وسط",'تحليل التكلفة والسعر'!$B$2:$B$700,0)),"") -> 140 | D7: =IFERROR(INDEX('تحليل التكلفة والسعر'!$I$2:$I$700,MATCH("بيتزا بسطرمة وسط",'تحليل التكلفة والسعر'!$B$2:$B$700,0)),"") -> 0.47251143 | E7: 473 | F7: =IF(OR(NOT(INDEX('تحليل التكلفة والسعر'!$C$2:$C$700,MATCH("بيتزا بسطرمة وسط",'تحليل التكلفة والسعر'!$B$2:$B$700,0))>0),$E7=0),"بيانات غير كافية",IF(AND($E7>=AVERAGEIFS($E$5:$E$175,$A$5:$A$175,$A7,$E$5:$E$175,">0"),INDEX('تحليل التكلفة والسعر'!$H$2:$H$700,MATCH("بيتزا بسطرمة وسط",'تحليل التكلفة والسعر'!$B$2:$B$700,0))>=AVERAGEIFS('تحليل التكلفة والسعر'!$H$2:$H$700,'تحليل التكلفة والسعر'!$A$2:$A$700,$A7,'تحليل التكلفة والسعر'!$C$2:$C$700,">0")),"⭐ نجم",IF(AND($E7>=AVERAGEIFS($E$5:$E$175,$A$5:$A$175,$A7,$E$5:$E$175,">0"),INDEX('تحليل التكلفة والسعر'!$H$2:$H$700,MATCH("بيتزا بسطرمة وسط",'تحليل التكلفة والسعر'!$B$2:$B$700,0))<AVERAGEIFS('تحليل التكلفة والسعر'!$H$2:$H$700,'تحليل التكلفة والسعر'!$A$2:$A$700,$A7,'تحليل التكلفة والسعر'!$C$2:$C$700,">0")),"🐎 حصان عمل",IF(AND($E7<AVERAGEIFS($E$5:$E$175,$A$5:$A$175,$A7,$E$5:$E$175,">0"),INDEX('تحليل التكلفة والسعر'!$H$2:$H$700,MATCH("بيتزا بسطرمة وسط",'تحليل التكلفة والسعر'!$B$2:$B$700,0))>=AVERAGEIFS('تحليل التكلفة والسعر'!$H$2:$H$700,'تحليل التكلفة والسعر'!$A$2:$A$700,$A7,'تحليل التكلفة والسعر'!$C$2:$C$700,">0")),"🧩 لغز","🐶 كلب")))) -> 🐎 حصان عمل | G7: 65 | H7: =IF(OR(NOT(INDEX('تحليل التكلفة والسعر'!$C$2:$C$700,MATCH("بيتزا بسطرمة وسط",'تحليل التكلفة والسعر'!$B$2:$B$700,0))>0),$G7=0),"بيانات غير كافية",IF(AND($G7>=AVERAGEIFS($G$5:$G$175,$A$5:$A$175,$A7,$G$5:$G$175,">0"),INDEX('تحليل التكلفة والسعر'!$H$2:$H$700,MATCH("بيتزا بسطرمة وسط",'تحليل التكلفة والسعر'!$B$2:$B$700,0))>=AVERAGEIFS('تحليل التكلفة والسعر'!$H$2:$H$700,'تحليل التكلفة والسعر'!$A$2:$A$700,$A7,'تحليل التكلفة والسعر'!$C$2:$C$700,">0")),"⭐ نجم",IF(AND($G7>=AVERAGEIFS($G$5:$G$175,$A$5:$A$175,$A7,$G$5:$G$175,">0"),INDEX('تحليل التكلفة والسعر'!$H$2:$H$700,MATCH("بيتزا بسطرمة وسط",'تحليل التكلفة والسعر'!$B$2:$B$700,0))<AVERAGEIFS('تحليل التكلفة والسعر'!$H$2:$H$700,'تحليل التكلفة والسعر'!$A$2:$A$700,$A7,'تحليل التكلفة والسعر'!$C$2:$C$700,">0")),"🐎 حصان عمل",IF(AND($G7<AVERAGEIFS($G$5:$G$175,$A$5:$A$175,$A7,$G$5:$G$175,">0"),INDEX('تحليل التكلفة والسعر'!$H$2:$H$700,MATCH("بيتزا بسطرمة وسط",'تحليل التكلفة والسعر'!$B$2:$B$700,0))>=AVERAGEIFS('تحليل التكلفة والسعر'!$H$2:$H$700,'تحليل التكلفة والسعر'!$A$2:$A$700,$A7,'تحليل التكلفة والسعر'!$C$2:$C$700,">0")),"🧩 لغز","🐶 كلب")))) -> 🐎 حصان عمل
A8: قسم البيتزا | B8: بيتزا بسطرمة حجم اكبر | C8: =IFERROR(INDEX('تحليل التكلفة والسعر'!$D$2:$D$700,MATCH("بيتزا بسطرمة حجم اكبر",'تحليل التكلفة والسعر'!$B$2:$B$700,0)),"") -> 200 | D8: =IFERROR(INDEX('تحليل التكلفة والسعر'!$I$2:$I$700,MATCH("بيتزا بسطرمة حجم اكبر",'تحليل التكلفة والسعر'!$B$2:$B$700,0)),"") -> 0.510552 | E8: 17 | F8: =IF(OR(NOT(INDEX('تحليل التكلفة والسعر'!$C$2:$C$700,MATCH("بيتزا بسطرمة حجم اكبر",'تحليل التكلفة والسعر'!$B$2:$B$700,0))>0),$E8=0),"بيانات غير كافية",IF(AND($E8>=AVERAGEIFS($E$5:$E$175,$A$5:$A$175,$A8,$E$5:$E$175,">0"),INDEX('تحليل التكلفة والسعر'!$H$2:$H$700,MATCH("بيتزا بسطرمة حجم اكبر",'تحليل التكلفة والسعر'!$B$2:$B$700,0))>=AVERAGEIFS('تحليل التكلفة والسعر'!$H$2:$H$700,'تحليل التكلفة والسعر'!$A$2:$A$700,$A8,'تحليل التكلفة والسعر'!$C$2:$C$700,">0")),"⭐ نجم",IF(AND($E8>=AVERAGEIFS($E$5:$E$175,$A$5:$A$175,$A8,$E$5:$E$175,">0"),INDEX('تحليل التكلفة والسعر'!$H$2:$H$700,MATCH("بيتزا بسطرمة حجم اكبر",'تحليل التكلفة والسعر'!$B$2:$B$700,0))<AVERAGEIFS('تحليل التكلفة والسعر'!$H$2:$H$700,'تحليل التكلفة والسعر'!$A$2:$A$700,$A8,'تحليل التكلفة والسعر'!$C$2:$C$700,">0")),"🐎 حصان عمل",IF(AND($E8<AVERAGEIFS($E$5:$E$175,$A$5:$A$175,$A8,$E$5:$E$175,">0"),INDEX('تحليل التكلفة والسعر'!$H$2:$H$700,MATCH("بيتزا بسطرمة حجم اكبر",'تحليل التكلفة والسعر'!$B$2:$B$700,0))>=AVERAGEIFS('تحليل التكلفة والسعر'!$H$2:$H$700,'تحليل التكلفة والسعر'!$A$2:$A$700,$A8,'تحليل التكلفة والسعر'!$C$2:$C$700,">0")),"🧩 لغز","🐶 كلب")))) -> 🧩 لغز | G8: 16 | H8: =IF(OR(NOT(INDEX('تحليل التكلفة والسعر'!$C$2:$C$700,MATCH("بيتزا بسطرمة حجم اكبر",'تحليل التكلفة والسعر'!$B$2:$B$700,0))>0),$G8=0),"بيانات غير كافية",IF(AND($G8>=AVERAGEIFS($G$5:$G$175,$A$5:$A$175,$A8,$G$5:$G$175,">0"),INDEX('تحليل التكلفة والسعر'!$H$2:$H$700,MATCH("بيتزا بسطرمة حجم اكبر",'تحليل التكلفة والسعر'!$B$2:$B$700,0))>=AVERAGEIFS('تحليل التكلفة والسعر'!$H$2:$H$700,'تحليل التكلفة والسعر'!$A$2:$A$700,$A8,'تحليل التكلفة والسعر'!$C$2:$C$700,">0")),"⭐ نجم",IF(AND($G8>=AVERAGEIFS($G$5:$G$175,$A$5:$A$175,$A8,$G$5:$G$175,">0"),INDEX('تحليل التكلفة والسعر'!$H$2:$H$700,MATCH("بيتزا بسطرمة حجم اكبر",'تحليل التكلفة والسعر'!$B$2:$B$700,0))<AVERAGEIFS('تحليل التكلفة والسعر'!$H$2:$H$700,'تحليل التكلفة والسعر'!$A$2:$A$700,$A8,'تحليل التكلفة والسعر'!$C$2:$C$700,">0")),"🐎 حصان عمل",IF(AND($G8<AVERAGEIFS($G$5:$G$175,$A$5:$A$175,$A8,$G$5:$G$175,">0"),INDEX('تحليل التكلفة والسعر'!$H$2:$H$700,MATCH("بيتزا بسطرمة حجم اكبر",'تحليل التكلفة والسعر'!$B$2:$B$700,0))>=AVERAGEIFS('تحليل التكلفة والسعر'!$H$2:$H$700,'تحليل التكلفة والسعر'!$A$2:$A$700,$A8,'تحليل التكلفة والسعر'!$C$2:$C$700,">0")),"🧩 لغز","🐶 كلب")))) -> 🧩 لغز
A9: قسم البيتزا | B9: بيتزا سدق وسط | C9: =IFERROR(INDEX('تحليل التكلفة والسعر'!$D$2:$D$700,MATCH("بيتزا سدق وسط",'تحليل التكلفة والسعر'!$B$2:$B$700,0)),"") -> 130 | D9: =IFERROR(INDEX('تحليل التكلفة والسعر'!$I$2:$I$700,MATCH("بيتزا سدق وسط",'تحليل التكلفة والسعر'!$B$2:$B$700,0)),"") -> 0.43962769 | E9: 368 | F9: =IF(OR(NOT(INDEX('تحليل التكلفة والسعر'!$C$2:$C$700,MATCH("بيتزا سدق وسط",'تحليل التكلفة والسعر'!$B$2:$B$700,0))>0),$E9=0),"بيانات غير كافية",IF(AND($E9>=AVERAGEIFS($E$5:$E$175,$A$5:$A$175,$A9,$E$5:$E$175,">0"),INDEX('تحليل التكلفة والسعر'!$H$2:$H$700,MATCH("بيتزا سدق وسط",'تحليل التكلفة والسعر'!$B$2:$B$700,0))>=AVERAGEIFS('تحليل التكلفة والسعر'!$H$2:$H$700,'تحليل التكلفة والسعر'!$A$2:$A$700,$A9,'تحليل التكلفة والسعر'!$C$2:$C$700,">0")),"⭐ نجم",IF(AND($E9>=AVERAGEIFS($E$5:$E$175,$A$5:$A$175,$A9,$E$5:$E$175,">0"),INDEX('تحليل التكلفة والسعر'!$H$2:$H$700,MATCH("بيتزا سدق وسط",'تحليل التكلفة والسعر'!$B$2:$B$700,0))<AVERAGEIFS('تحليل التكلفة والسعر'!$H$2:$H$700,'تحليل التكلفة والسعر'!$A$2:$A$700,$A9,'تحليل التكلفة والسعر'!$C$2:$C$700,">0")),"🐎 حصان عمل",IF(AND($E9<AVERAGEIFS($E$5:$E$175,$A$5:$A$175,$A9,$E$5:$E$175,">0"),INDEX('تحليل التكلفة والسعر'!$H$2:$H$700,MATCH("بيتزا سدق وسط",'تحليل التكلفة والسعر'!$B$2:$B$700,0))>=AVERAGEIFS('تحليل التكلفة والسعر'!$H$2:$H$700,'تحليل التكلفة والسعر'!$A$2:$A$700,$A9,'تحليل التكلفة والسعر'!$C$2:$C$700,">0")),"🧩 لغز","🐶 كلب")))) -> 🐎 حصان عمل | G9: 16 | H9: =IF(OR(NOT(INDEX('تحليل التكلفة والسعر'!$C$2:$C$700,MATCH("بيتزا سدق وسط",'تحليل التكلفة والسعر'!$B$2:$B$700,0))>0),$G9=0),"بيانات غير كافية",IF(AND($G9>=AVERAGEIFS($G$5:$G$175,$A$5:$A$175,$A9,$G$5:$G$175,">0"),INDEX('تحليل التكلفة والسعر'!$H$2:$H$700,MATCH("بيتزا سدق وسط",'تحليل التكلفة والسعر'!$B$2:$B$700,0))>=AVERAGEIFS('تحليل التكلفة والسعر'!$H$2:$H$700,'تحليل التكلفة والسعر'!$A$2:$A$700,$A9,'تحليل التكلفة والسعر'!$C$2:$C$700,">0")),"⭐ نجم",IF(AND($G9>=AVERAGEIFS($G$5:$G$175,$A$5:$A$175,$A9,$G$5:$G$175,">0"),INDEX('تحليل التكلفة والسعر'!$H$2:$H$700,MATCH("بيتزا سدق وسط",'تحليل التكلفة والسعر'!$B$2:$B$700,0))<AVERAGEIFS('تحليل التكلفة والسعر'!$H$2:$H$700,'تحليل التكلفة والسعر'!$A$2:$A$700,$A9,'تحليل التكلفة والسعر'!$C$2:$C$700,">0")),"🐎 حصان عمل",IF(AND($G9<AVERAGEIFS($G$5:$G$175,$A$5:$A$175,$A9,$G$5:$G$175,">0"),INDEX('تحليل التكلفة والسعر'!$H$2:$H$700,MATCH("بيتزا سدق وسط",'تحليل التكلفة والسعر'!$B$2:$B$700,0))>=AVERAGEIFS('تحليل التكلفة والسعر'!$H$2:$H$700,'تحليل التكلفة والسعر'!$A$2:$A$700,$A9,'تحليل التكلفة والسعر'!$C$2:$C$700,">0")),"🧩 لغز","🐶 كلب")))) -> 🐶 كلب
A10: قسم البيتزا | B10: بيتزا سدق حجم اكبر | C10: =IFERROR(INDEX('تحليل التكلفة والسعر'!$D$2:$D$700,MATCH("بيتزا سدق حجم اكبر",'تحليل التكلفة والسعر'!$B$2:$B$700,0)),"") -> 190 | D10: =IFERROR(INDEX('تحليل التكلفة والسعر'!$I$2:$I$700,MATCH("بيتزا سدق حجم اكبر",'تحليل التكلفة والسعر'!$B$2:$B$700,0)),"") -> 0.49356368 | E10: 12 | F10: =IF(OR(NOT(INDEX('تحليل التكلفة والسعر'!$C$2:$C$700,MATCH("بيتزا سدق حجم اكبر",'تحليل التكلفة والسعر'!$B$2:$B$700,0))>0),$E10=0),"بيانات غير كافية",IF(AND($E10>=AVERAGEIFS($E$5:$E$175,$A$5:$A$175,$A10,$E$5:$E$175,">0"),INDEX('تحليل التكلفة والسعر'!$H$2:$H$700,MATCH("بيتزا سدق حجم اكبر",'تحليل التكلفة والسعر'!$B$2:$B$700,0))>=AVERAGEIFS('تحليل التكلفة والسعر'!$H$2:$H$700,'تحليل التكلفة والسعر'!$A$2:$A$700,$A10,'تحليل التكلفة والسعر'!$C$2:$C$700,">0")),"⭐ نجم",IF(AND($E10>=AVERAGEIFS($E$5:$E$175,$A$5:$A$175,$A10,$E$5:$E$175,">0"),INDEX('تحليل التكلفة والسعر'!$H$2:$H$700,MATCH("بيتزا سدق حجم اكبر",'تحليل التكلفة والسعر'!$B$2:$B$700,0))<AVERAGEIFS('تحليل التكلفة والسعر'!$H$2:$H$700,'تحليل التكلفة والسعر'!$A$2:$A$700,$A10,'تحليل التكلفة والسعر'!$C$2:$C$700,">0")),"🐎 حصان عمل",IF(AND($E10<AVERAGEIFS($E$5:$E$175,$A$5:$A$175,$A10,$E$5:$E$175,">0"),INDEX('تحليل التكلفة والسعر'!$H$2:$H$700,MATCH("بيتزا سدق حجم اكبر",'تحليل التكلفة والسعر'!$B$2:$B$700,0))>=AVERAGEIFS('تحليل التكلفة والسعر'!$H$2:$H$700,'تحليل التكلفة والسعر'!$A$2:$A$700,$A10,'تحليل التكلفة والسعر'!$C$2:$C$700,">0")),"🧩 لغز","🐶 كلب")))) -> 🧩 لغز | G10: 10 | H10: =IF(OR(NOT(INDEX('تحليل التكلفة والسعر'!$C$2:$C$700,MATCH("بيتزا سدق حجم اكبر",'تحليل التكلفة والسعر'!$B$2:$B$700,0))>0),$G10=0),"بيانات غير كافية",IF(AND($G10>=AVERAGEIFS($G$5:$G$175,$A$5:$A$175,$A10,$G$5:$G$175,">0"),INDEX('تحليل التكلفة والسعر'!$H$2:$H$700,MATCH("بيتزا سدق حجم اكبر",'تحليل التكلفة والسعر'!$B$2:$B$700,0))>=AVERAGEIFS('تحليل التكلفة والسعر'!$H$2:$H$700,'تحليل التكلفة والسعر'!$A$2:$A$700,$A10,'تحليل التكلفة والسعر'!$C$2:$C$700,">0")),"⭐ نجم",IF(AND($G10>=AVERAGEIFS($G$5:$G$175,$A$5:$A$175,$A10,$G$5:$G$175,">0"),INDEX('تحليل التكلفة والسعر'!$H$2:$H$700,MATCH("بيتزا سدق حجم اكبر",'تحليل التكلفة والسعر'!$B$2:$B$700,0))<AVERAGEIFS('تحليل التكلفة والسعر'!$H$2:$H$700,'تحليل التكلفة والسعر'!$A$2:$A$700,$A10,'تحليل التكلفة والسعر'!$C$2:$C$700,">0")),"🐎 حصان عمل",IF(AND($G10<AVERAGEIFS($G$5:$G$175,$A$5:$A$175,$A10,$G$5:$G$175,">0"),INDEX('تحليل التكلفة والسعر'!$H$2:$H$700,MATCH("بيتزا سدق حجم اكبر",'تحليل التكلفة والسعر'!$B$2:$B$700,0))>=AVERAGEIFS('تحليل التكلفة والسعر'!$H$2:$H$700,'تحليل التكلفة والسعر'!$A$2:$A$700,$A10,'تحليل التكلفة والسعر'!$C$2:$C$700,">0")),"🧩 لغز","🐶 كلب")))) -> 🧩 لغز
A11: قسم البيتزا | B11: بيتزا دبل سلامي / بيبروني وسط | C11: =IFERROR(INDEX('تحليل التكلفة والسعر'!$D$2:$D$700,MATCH("بيتزا دبل سلامي / بيبروني وسط",'تحليل التكلفة والسعر'!$B$2:$B$700,0)),"") -> 130 | D11: =IFERROR(INDEX('تحليل التكلفة والسعر'!$I$2:$I$700,MATCH("بيتزا دبل سلامي / بيبروني وسط",'تحليل التكلفة والسعر'!$B$2:$B$700,0)),"") -> 0.49369846 | E11: 169 | F11: =IF(OR(NOT(INDEX('تحليل التكلفة والسعر'!$C$2:$C$700,MATCH("بيتزا دبل سلامي / بيبروني وسط",'تحليل التكلفة والسعر'!$B$2:$B$700,0))>0),$E11=0),"بيانات غير كافية",IF(AND($E11>=AVERAGEIFS($E$5:$E$175,$A$5:$A$175,$A11,$E$5:$E$175,">0"),INDEX('تحليل التكلفة والسعر'!$H$2:$H$700,MATCH("بيتزا دبل سلامي / بيبروني وسط",'تحليل التكلفة والسعر'!$B$2:$B$700,0))>=AVERAGEIFS('تحليل التكلفة والسعر'!$H$2:$H$700,'تحليل التكلفة والسعر'!$A$2:$A$700,$A11,'تحليل التكلفة والسعر'!$C$2:$C$700,">0")),"⭐ نجم",IF(AND($E11>=AVERAGEIFS($E$5:$E$175,$A$5:$A$175,$A11,$E$5:$E$175,">0"),INDEX('تحليل التكلفة والسعر'!$H$2:$H$700,MATCH("بيتزا دبل سلامي / بيبروني وسط",'تحليل التكلفة والسعر'!$B$2:$B$700,0))<AVERAGEIFS('تحليل التكلفة والسعر'!$H$2:$H$700,'تحليل التكلفة والسعر'!$A$2:$A$700,$A11,'تحليل التكلفة والسعر'!$C$2:$C$700,">0")),"🐎 حصان عمل",IF(AND($E11<AVERAGEIFS($E$5:$E$175,$A$5:$A$175,$A11,$E$5:$E$175,">0"),INDEX('تحليل التكلفة والسعر'!$H$2:$H$700,MATCH("بيتزا دبل سلامي / بيبروني وسط",'تحليل التكلفة والسعر'!$B$2:$B$700,0))>=AVERAGEIFS('تحليل التكلفة والسعر'!$H$2:$H$700,'تحليل التكلفة والسعر'!$A$2:$A$700,$A11,'تحليل التكلفة والسعر'!$C$2:$C$700,">0")),"🧩 لغز","🐶 كلب")))) -> 🐎 حصان عمل | G11: 9 | H11: =IF(OR(NOT(INDEX('تحليل التكلفة والسعر'!$C$2:$C$700,MATCH("بيتزا دبل سلامي / بيبروني وسط",'تحليل التكلفة والسعر'!$B$2:$B$700,0))>0),$G11=0),"بيانات غير كافية",IF(AND($G11>=AVERAGEIFS($G$5:$G$175,$A$5:$A$175,$A11,$G$5:$G$175,">0"),INDEX('تحليل التكلفة والسعر'!$H$2:$H$700,MATCH("بيتزا دبل سلامي / بيبروني وسط",'تحليل التكلفة والسعر'!$B$2:$B$700,0))>=AVERAGEIFS('تحليل التكلفة والسعر'!$H$2:$H$700,'تحليل التكلفة والسعر'!$A$2:$A$700,$A11,'تحليل التكلفة والسعر'!$C$2:$C$700,">0")),"⭐ نجم",IF(AND($G11>=AVERAGEIFS($G$5:$G$175,$A$5:$A$175,$A11,$G$5:$G$175,">0"),INDEX('تحليل التكلفة والسعر'!$H$2:$H$700,MATCH("بيتزا دبل سلامي / بيبروني وسط",'تحليل التكلفة والسعر'!$B$2:$B$700,0))<AVERAGEIFS('تحليل التكلفة والسعر'!$H$2:$H$700,'تحليل التكلفة والسعر'!$A$2:$A$700,$A11,'تحليل التكلفة والسعر'!$C$2:$C$700,">0")),"🐎 حصان عمل",IF(AND($G11<AVERAGEIFS($G$5:$G$175,$A$5:$A$175,$A11,$G$5:$G$175,">0"),INDEX('تحليل التكلفة والسعر'!$H$2:$H$700,MATCH("بيتزا دبل سلامي / بيبروني وسط",'تحليل التكلفة والسعر'!$B$2:$B$700,0))>=AVERAGEIFS('تحليل التكلفة والسعر'!$H$2:$H$700,'تحليل التكلفة والسعر'!$A$2:$A$700,$A11,'تحليل التكلفة والسعر'!$C$2:$C$700,">0")),"🧩 لغز","🐶 كلب")))) -> 🐶 كلب
A12: قسم البيتزا | B12: بيتزا دبل سلامي / بيبروني حجم اكبر | C12: =IFERROR(INDEX('تحليل التكلفة والسعر'!$D$2:$D$700,MATCH("بيتزا دبل سلامي / بيبروني حجم اكبر",'تحليل التكلفة والسعر'!$B$2:$B$700,0)),"") -> 190 | D12: =IFERROR(INDEX('تحليل التكلفة والسعر'!$I$2:$I$700,MATCH("بيتزا دبل سلامي / بيبروني حجم اكبر",'تحليل التكلفة والسعر'!$B$2:$B$700,0)),"") -> 0.51747842 | E12: 8 | F12: =IF(OR(NOT(INDEX('تحليل التكلفة والسعر'!$C$2:$C$700,MATCH("بيتزا دبل سلامي / بيبروني حجم اكبر",'تحليل التكلفة والسعر'!$B$2:$B$700,0))>0),$E12=0),"بيانات غير كافية",IF(AND($E12>=AVERAGEIFS($E$5:$E$175,$A$5:$A$175,$A12,$E$5:$E$175,">0"),INDEX('تحليل التكلفة والسعر'!$H$2:$H$700,MATCH("بيتزا دبل سلامي / بيبروني حجم اكبر",'تحليل التكلفة والسعر'!$B$2:$B$700,0))>=AVERAGEIFS('تحليل التكلفة والسعر'!$H$2:$H$700,'تحليل التكلفة والسعر'!$A$2:$A$700,$A12,'تحليل التكلفة والسعر'!$C$2:$C$700,">0")),"⭐ نجم",IF(AND($E12>=AVERAGEIFS($E$5:$E$175,$A$5:$A$175,$A12,$E$5:$E$175,">0"),INDEX('تحليل التكلفة والسعر'!$H$2:$H$700,MATCH("بيتزا دبل سلامي / بيبروني حجم اكبر",'تحليل التكلفة والسعر'!$B$2:$B$700,0))<AVERAGEIFS('تحليل التكلفة والسعر'!$H$2:$H$700,'تحليل التكلفة والسعر'!$A$2:$A$700,$A12,'تحليل التكلفة والسعر'!$C$2:$C$700,">0")),"🐎 حصان عمل",IF(AND($E12<AVERAGEIFS($E$5:$E$175,$A$5:$A$175,$A12,$E$5:$E$175,">0"),INDEX('تحليل التكلفة والسعر'!$H$2:$H$700,MATCH("بيتزا دبل سلامي / بيبروني حجم اكبر",'تحليل التكلفة والسعر'!$B$2:$B$700,0))>=AVERAGEIFS('تحليل التكلفة والسعر'!$H$2:$H$700,'تحليل التكلفة والسعر'!$A$2:$A$700,$A12,'تحليل التكلفة والسعر'!$C$2:$C$700,">0")),"🧩 لغز","🐶 كلب")))) -> 🧩 لغز | G12: 1 | H12: =IF(OR(NOT(INDEX('تحليل التكلفة والسعر'!$C$2:$C$700,MATCH("بيتزا دبل سلامي / بيبروني حجم اكبر",'تحليل التكلفة والسعر'!$B$2:$B$700,0))>0),$G12=0),"بيانات غير كافية",IF(AND($G12>=AVERAGEIFS($G$5:$G$175,$A$5:$A$175,$A12,$G$5:$G$175,">0"),INDEX('تحليل التكلفة والسعر'!$H$2:$H$700,MATCH("بيتزا دبل سلامي / بيبروني حجم اكبر",'تحليل التكلفة والسعر'!$B$2:$B$700,0))>=AVERAGEIFS('تحليل التكلفة والسعر'!$H$2:$H$700,'تحليل التكلفة والسعر'!$A$2:$A$700,$A12,'تحليل التكلفة والسعر'!$C$2:$C$700,">0")),"⭐ نجم",IF(AND($G12>=AVERAGEIFS($G$5:$G$175,$A$5:$A$175,$A12,$G$5:$G$175,">0"),INDEX('تحليل التكلفة والسعر'!$H$2:$H$700,MATCH("بيتزا دبل سلامي / بيبروني حجم اكبر",'تحليل التكلفة والسعر'!$B$2:$B$700,0))<AVERAGEIFS('تحليل التكلفة والسعر'!$H$2:$H$700,'تحليل التكلفة والسعر'!$A$2:$A$700,$A12,'تحليل التكلفة والسعر'!$C$2:$C$700,">0")),"🐎 حصان عمل",IF(AND($G12<AVERAGEIFS($G$5:$G$175,$A$5:$A$175,$A12,$G$5:$G$175,">0"),INDEX('تحليل التكلفة والسعر'!$H$2:$H$700,MATCH("بيتزا دبل سلامي / بيبروني حجم اكبر",'تحليل التكلفة والسعر'!$B$2:$B$700,0))>=AVERAGEIFS('تحليل التكلفة والسعر'!$H$2:$H$700,'تحليل التكلفة والسعر'!$A$2:$A$700,$A12,'تحليل التكلفة والسعر'!$C$2:$C$700,">0")),"🧩 لغز","🐶 كلب")))) -> 🧩 لغز
A13: قسم البيتزا | B13: بيتزا مشكل جبن وسط | C13: =IFERROR(INDEX('تحليل التكلفة والسعر'!$D$2:$D$700,MATCH("بيتزا مشكل جبن وسط",'تحليل التكلفة والسعر'!$B$2:$B$700,0)),"") -> 130 | D13: =IFERROR(INDEX('تحليل التكلفة والسعر'!$I$2:$I$700,MATCH("بيتزا مشكل جبن وسط",'تحليل التكلفة والسعر'!$B$2:$B$700,0)),"") -> 0.41655077 | E13: 124 | F13: =IF(OR(NOT(INDEX('تحليل التكلفة والسعر'!$C$2:$C$700,MATCH("بيتزا مشكل جبن وسط",'تحليل التكلفة والسعر'!$B$2:$B$700,0))>0),$E13=0),"بيانات غير كافية",IF(AND($E13>=AVERAGEIFS($E$5:$E$175,$A$5:$A$175,$A13,$E$5:$E$175,">0"),INDEX('تحليل التكلفة والسعر'!$H$2:$H$700,MATCH("بيتزا مشكل جبن وسط",'تحليل التكلفة والسعر'!$B$2:$B$700,0))>=AVERAGEIFS('تحليل التكلفة والسعر'!$H$2:$H$700,'تحليل التكلفة والسعر'!$A$2:$A$700,$A13,'تحليل التكلفة والسعر'!$C$2:$C$700,">0")),"⭐ نجم",IF(AND($E13>=AVERAGEIFS($E$5:$E$175,$A$5:$A$175,$A13,$E$5:$E$175,">0"),INDEX('تحليل التكلفة والسعر'!$H$2:$H$700,MATCH("بيتزا مشكل جبن وسط",'تحليل التكلفة والسعر'!$B$2:$B$700,0))<AVERAGEIFS('تحليل التكلفة والسعر'!$H$2:$H$700,'تحليل التكلفة والسعر'!$A$2:$A$700,$A13,'تحليل التكلفة والسعر'!$C$2:$C$700,">0")),"🐎 حصان عمل",IF(AND($E13<AVERAGEIFS($E$5:$E$175,$A$5:$A$175,$A13,$E$5:$E$175,">0"),INDEX('تحليل التكلفة والسعر'!$H$2:$H$700,MATCH("بيتزا مشكل جبن وسط",'تحليل التكلفة والسعر'!$B$2:$B$700,0))>=AVERAGEIFS('تحليل التكلفة والسعر'!$H$2:$H$700,'تحليل التكلفة والسعر'!$A$2:$A$700,$A13,'تحليل التكلفة والسعر'!$C$2:$C$700,">0")),"🧩 لغز","🐶 كلب")))) -> 🐶 كلب | G13: 16 | H13: =IF(OR(NOT(INDEX('تحليل التكلفة والسعر'!$C$2:$C$700,MATCH("بيتزا مشكل جبن وسط",'تحليل التكلفة والسعر'!$B$2:$B$700,0))>0),$G13=0),"بيانات غير كافية",IF(AND($G13>=AVERAGEIFS($G$5:$G$175,$A$5:$A$175,$A13,$G$5:$G$175,">0"),INDEX('تحليل التكلفة والسعر'!$H$2:$H$700,MATCH("بيتزا مشكل جبن وسط",'تحليل التكلفة والسعر'!$B$2:$B$700,0))>=AVERAGEIFS('تحليل التكلفة والسعر'!$H$2:$H$700,'تحليل التكلفة والسعر'!$A$2:$A$700,$A13,'تحليل التكلفة والسعر'!$C$2:$C$700,">0")),"⭐ نجم",IF(AND($G13>=AVERAGEIFS($G$5:$G$175,$A$5:$A$175,$A13,$G$5:$G$175,">0"),INDEX('تحليل التكلفة والسعر'!$H$2:$H$700,MATCH("بيتزا مشكل جبن وسط",'تحليل التكلفة والسعر'!$B$2:$B$700,0))<AVERAGEIFS('تحليل التكلفة والسعر'!$H$2:$H$700,'تحليل التكلفة والسعر'!$A$2:$A$700,$A13,'تحليل التكلفة والسعر'!$C$2:$C$700,">0")),"🐎 حصان عمل",IF(AND($G13<AVERAGEIFS($G$5:$G$175,$A$5:$A$175,$A13,$G$5:$G$175,">0"),INDEX('تحليل التكلفة والسعر'!$H$2:$H$700,MATCH("بيتزا مشكل جبن وسط",'تحليل التكلفة والسعر'!$B$2:$B$700,0))>=AVERAGEIFS('تحليل التكلفة والسعر'!$H$2:$H$700,'تحليل التكلفة والسعر'!$A$2:$A$700,$A13,'تحليل التكلفة والسعر'!$C$2:$C$700,">0")),"🧩 لغز","🐶 كلب")))) -> 🐶 كلب
A14: قسم البيتزا | B14: بيتزا مشكل جبن حجم اكبر | C14: =IFERROR(INDEX('تحليل التكلفة والسعر'!$D$2:$D$700,MATCH("بيتزا مشكل جبن حجم اكبر",'تحليل التكلفة والسعر'!$B$2:$B$700,0)),"") -> 190 | D14: =IFERROR(INDEX('تحليل التكلفة والسعر'!$I$2:$I$700,MATCH("بيتزا مشكل جبن حجم اكبر",'تحليل التكلفة والسعر'!$B$2:$B$700,0)),"") -> 0.43830053 | E14: 10 | F14: =IF(OR(NOT(INDEX('تحليل التكلفة والسعر'!$C$2:$C$700,MATCH("بيتزا مشكل جبن حجم اكبر",'تحليل التكلفة والسعر'!$B$2:$B$700,0))>0),$E14=0),"بيانات غير كافية",IF(AND($E14>=AVERAGEIFS($E$5:$E$175,$A$5:$A$175,$A14,$E$5:$E$175,">0"),INDEX('تحليل التكلفة والسعر'!$H$2:$H$700,MATCH("بيتزا مشكل جبن حجم اكبر",'تحليل التكلفة والسعر'!$B$2:$B$700,0))>=AVERAGEIFS('تحليل التكلفة والسعر'!$H$2:$H$700,'تحليل التكلفة والسعر'!$A$2:$A$700,$A14,'تحليل التكلفة والسعر'!$C$2:$C$700,">0")),"⭐ نجم",IF(AND($E14>=AVERAGEIFS($E$5:$E$175,$A$5:$A$175,$A14,$E$5:$E$175,">0"),INDEX('تحليل التكلفة والسعر'!$H$2:$H$700,MATCH("بيتزا مشكل جبن حجم اكبر",'تحليل التكلفة والسعر'!$B$2:$B$700,0))<AVERAGEIFS('تحليل التكلفة والسعر'!$H$2:$H$700,'تحليل التكلفة والسعر'!$A$2:$A$700,$A14,'تحليل التكلفة والسعر'!$C$2:$C$700,">0")),"🐎 حصان عمل",IF(AND($E14<AVERAGEIFS($E$5:$E$175,$A$5:$A$175,$A14,$E$5:$E$175,">0"),INDEX('تحليل التكلفة والسعر'!$H$2:$H$700,MATCH("بيتزا مشكل جبن حجم اكبر",'تحليل التكلفة والسعر'!$B$2:$B$700,0))>=AVERAGEIFS('تحليل التكلفة والسعر'!$H$2:$H$700,'تحليل التكلفة والسعر'!$A$2:$A$700,$A14,'تحليل التكلفة والسعر'!$C$2:$C$700,">0")),"🧩 لغز","🐶 كلب")))) -> 🐶 كلب | G14: 10 | H14: =IF(OR(NOT(INDEX('تحليل التكلفة والسعر'!$C$2:$C$700,MATCH("بيتزا مشكل جبن حجم اكبر",'تحليل التكلفة والسعر'!$B$2:$B$700,0))>0),$G14=0),"بيانات غير كافية",IF(AND($G14>=AVERAGEIFS($G$5:$G$175,$A$5:$A$175,$A14,$G$5:$G$175,">0"),INDEX('تحليل التكلفة والسعر'!$H$2:$H$700,MATCH("بيتزا مشكل جبن حجم اكبر",'تحليل التكلفة والسعر'!$B$2:$B$700,0))>=AVERAGEIFS('تحليل التكلفة والسعر'!$H$2:$H$700,'تحليل التكلفة والسعر'!$A$2:$A$700,$A14,'تحليل التكلفة والسعر'!$C$2:$C$700,">0")),"⭐ نجم",IF(AND($G14>=AVERAGEIFS($G$5:$G$175,$A$5:$A$175,$A14,$G$5:$G$175,">0"),INDEX('تحليل التكلفة والسعر'!$H$2:$H$700,MATCH("بيتزا مشكل جبن حجم اكبر",'تحليل التكلفة والسعر'!$B$2:$B$700,0))<AVERAGEIFS('تحليل التكلفة والسعر'!$H$2:$H$700,'تحليل التكلفة والسعر'!$A$2:$A$700,$A14,'تحليل التكلفة والسعر'!$C$2:$C$700,">0")),"🐎 حصان عمل",IF(AND($G14<AVERAGEIFS($G$5:$G$175,$A$5:$A$175,$A14,$G$5:$G$175,">0"),INDEX('تحليل التكلفة والسعر'!$H$2:$H$700,MATCH("بيتزا مشكل جبن حجم اكبر",'تحليل التكلفة والسعر'!$B$2:$B$700,0))>=AVERAGEIFS('تحليل التكلفة والسعر'!$H$2:$H$700,'تحليل التكلفة والسعر'!$A$2:$A$700,$A14,'تحليل التكلفة والسعر'!$C$2:$C$700,">0")),"🧩 لغز","🐶 كلب")))) -> 🐶 كلب
A15: قسم البيتزا | B15: بيتزا فراخ رانش وسط | C15: =IFERROR(INDEX('تحليل التكلفة والسعر'!$D$2:$D$700,MATCH("بيتزا فراخ رانش وسط",'تحليل التكلفة والسعر'!$B$2:$B$700,0)),"") -> 150 | D15: =IFERROR(INDEX('تحليل التكلفة والسعر'!$I$2:$I$700,MATCH("بيتزا فراخ رانش وسط",'تحليل التكلفة والسعر'!$B$2:$B$700,0)),"") -> 0.444464 | E15: 96 | F15: =IF(OR(NOT(INDEX('تحليل التكلفة والسعر'!$C$2:$C$700,MATCH("بيتزا فراخ رانش وسط",'تحليل التكلفة والسعر'!$B$2:$B$700,0))>0),$E15=0),"بيانات غير كافية",IF(AND($E15>=AVERAGEIFS($E$5:$E$175,$A$5:$A$175,$A15,$E$5:$E$175,">0"),INDEX('تحليل التكلفة والسعر'!$H$2:$H$700,MATCH("بيتزا فراخ رانش وسط",'تحليل التكلفة والسعر'!$B$2:$B$700,0))>=AVERAGEIFS('تحليل التكلفة والسعر'!$H$2:$H$700,'تحليل التكلفة والسعر'!$A$2:$A$700,$A15,'تحليل التكلفة والسعر'!$C$2:$C$700,">0")),"⭐ نجم",IF(AND($E15>=AVERAGEIFS($E$5:$E$175,$A$5:$A$175,$A15,$E$5:$E$175,">0"),INDEX('تحليل التكلفة والسعر'!$H$2:$H$700,MATCH("بيتزا فراخ رانش وسط",'تحليل التكلفة والسعر'!$B$2:$B$700,0))<AVERAGEIFS('تحليل التكلفة والسعر'!$H$2:$H$700,'تحليل التكلفة والسعر'!$A$2:$A$700,$A15,'تحليل التكلفة والسعر'!$C$2:$C$700,">0")),"🐎 حصان عمل",IF(AND($E15<AVERAGEIFS($E$5:$E$175,$A$5:$A$175,$A15,$E$5:$E$175,">0"),INDEX('تحليل التكلفة والسعر'!$H$2:$H$700,MATCH("بيتزا فراخ رانش وسط",'تحليل التكلفة والسعر'!$B$2:$B$700,0))>=AVERAGEIFS('تحليل التكلفة والسعر'!$H$2:$H$700,'تحليل التكلفة والسعر'!$A$2:$A$700,$A15,'تحليل التكلفة والسعر'!$C$2:$C$700,">0")),"🧩 لغز","🐶 كلب")))) -> 🐶 كلب | G15: 23 | H15: =IF(OR(NOT(INDEX('تحليل التكلفة والسعر'!$C$2:$C$700,MATCH("بيتزا فراخ رانش وسط",'تحليل التكلفة والسعر'!$B$2:$B$700,0))>0),$G15=0),"بيانات غير كافية",IF(AND($G15>=AVERAGEIFS($G$5:$G$175,$A$5:$A$175,$A15,$G$5:$G$175,">0"),INDEX('تحليل التكلفة والسعر'!$H$2:$H$700,MATCH("بيتزا فراخ رانش وسط",'تحليل التكلفة والسعر'!$B$2:$B$700,0))>=AVERAGEIFS('تحليل التكلفة والسعر'!$H$2:$H$700,'تحليل التكلفة والسعر'!$A$2:$A$700,$A15,'تحليل التكلفة والسعر'!$C$2:$C$700,">0")),"⭐ نجم",IF(AND($G15>=AVERAGEIFS($G$5:$G$175,$A$5:$A$175,$A15,$G$5:$G$175,">0"),INDEX('تحليل التكلفة والسعر'!$H$2:$H$700,MATCH("بيتزا فراخ رانش وسط",'تحليل التكلفة والسعر'!$B$2:$B$700,0))<AVERAGEIFS('تحليل التكلفة والسعر'!$H$2:$H$700,'تحليل التكلفة والسعر'!$A$2:$A$700,$A15,'تحليل التكلفة والسعر'!$C$2:$C$700,">0")),"🐎 حصان عمل",IF(AND($G15<AVERAGEIFS($G$5:$G$175,$A$5:$A$175,$A15,$G$5:$G$175,">0"),INDEX('تحليل التكلفة والسعر'!$H$2:$H$700,MATCH("بيتزا فراخ رانش وسط",'تحليل التكلفة والسعر'!$B$2:$B$700,0))>=AVERAGEIFS('تحليل التكلفة والسعر'!$H$2:$H$700,'تحليل التكلفة والسعر'!$A$2:$A$700,$A15,'تحليل التكلفة والسعر'!$C$2:$C$700,">0")),"🧩 لغز","🐶 كلب")))) -> 🐎 حصان عمل
A16: قسم البيتزا | B16: بيتزا فراخ رانش حجم اكبر | C16: =IFERROR(INDEX('تحليل التكلفة والسعر'!$D$2:$D$700,MATCH("بيتزا فراخ رانش حجم اكبر",'تحليل التكلفة والسعر'!$B$2:$B$700,0)),"") -> 230 | D16: =IFERROR(INDEX('تحليل التكلفة والسعر'!$I$2:$I$700,MATCH("بيتزا فراخ رانش حجم اكبر",'تحليل التكلفة والسعر'!$B$2:$B$700,0)),"") -> 0.49671913 | E16: 35 | F16: =IF(OR(NOT(INDEX('تحليل التكلفة والسعر'!$C$2:$C$700,MATCH("بيتزا فراخ رانش حجم اكبر",'تحليل التكلفة والسعر'!$B$2:$B$700,0))>0),$E16=0),"بيانات غير كافية",IF(AND($E16>=AVERAGEIFS($E$5:$E$175,$A$5:$A$175,$A16,$E$5:$E$175,">0"),INDEX('تحليل التكلفة والسعر'!$H$2:$H$700,MATCH("بيتزا فراخ رانش حجم اكبر",'تحليل التكلفة والسعر'!$B$2:$B$700,0))>=AVERAGEIFS('تحليل التكلفة والسعر'!$H$2:$H$700,'تحليل التكلفة والسعر'!$A$2:$A$700,$A16,'تحليل التكلفة والسعر'!$C$2:$C$700,">0")),"⭐ نجم",IF(AND($E16>=AVERAGEIFS($E$5:$E$175,$A$5:$A$175,$A16,$E$5:$E$175,">0"),INDEX('تحليل التكلفة والسعر'!$H$2:$H$700,MATCH("بيتزا فراخ رانش حجم اكبر",'تحليل التكلفة والسعر'!$B$2:$B$700,0))<AVERAGEIFS('تحليل التكلفة والسعر'!$H$2:$H$700,'تحليل التكلفة والسعر'!$A$2:$A$700,$A16,'تحليل التكلفة والسعر'!$C$2:$C$700,">0")),"🐎 حصان عمل",IF(AND($E16<AVERAGEIFS($E$5:$E$175,$A$5:$A$175,$A16,$E$5:$E$175,">0"),INDEX('تحليل التكلفة والسعر'!$H$2:$H$700,MATCH("بيتزا فراخ رانش حجم اكبر",'تحليل التكلفة والسعر'!$B$2:$B$700,0))>=AVERAGEIFS('تحليل التكلفة والسعر'!$H$2:$H$700,'تحليل التكلفة والسعر'!$A$2:$A$700,$A16,'تحليل التكلفة والسعر'!$C$2:$C$700,">0")),"🧩 لغز","🐶 كلب")))) -> 🧩 لغز | G16: 3 | H16: =IF(OR(NOT(INDEX('تحليل التكلفة والسعر'!$C$2:$C$700,MATCH("بيتزا فراخ رانش حجم اكبر",'تحليل التكلفة والسعر'!$B$2:$B$700,0))>0),$G16=0),"بيانات غير كافية",IF(AND($G16>=AVERAGEIFS($G$5:$G$175,$A$5:$A$175,$A16,$G$5:$G$175,">0"),INDEX('تحليل التكلفة والسعر'!$H$2:$H$700,MATCH("بيتزا فراخ رانش حجم اكبر",'تحليل التكلفة والسعر'!$B$2:$B$700,0))>=AVERAGEIFS('تحليل التكلفة والسعر'!$H$2:$H$700,'تحليل التكلفة والسعر'!$A$2:$A$700,$A16,'تحليل التكلفة والسعر'!$C$2:$C$700,">0")),"⭐ نجم",IF(AND($G16>=AVERAGEIFS($G$5:$G$175,$A$5:$A$175,$A16,$G$5:$G$175,">0"),INDEX('تحليل التكلفة والسعر'!$H$2:$H$700,MATCH("بيتزا فراخ رانش حجم اكبر",'تحليل التكلفة والسعر'!$B$2:$B$700,0))<AVERAGEIFS('تحليل التكلفة والسعر'!$H$2:$H$700,'تحليل التكلفة والسعر'!$A$2:$A$700,$A16,'تحليل التكلفة والسعر'!$C$2:$C$700,">0")),"🐎 حصان عمل",IF(AND($G16<AVERAGEIFS($G$5:$G$175,$A$5:$A$175,$A16,$G$5:$G$175,">0"),INDEX('تحليل التكلفة والسعر'!$H$2:$H$700,MATCH("بيتزا فراخ رانش حجم اكبر",'تحليل التكلفة والسعر'!$B$2:$B$700,0))>=AVERAGEIFS('تحليل التكلفة والسعر'!$H$2:$H$700,'تحليل التكلفة والسعر'!$A$2:$A$700,$A16,'تحليل التكلفة والسعر'!$C$2:$C$700,">0")),"🧩 لغز","🐶 كلب")))) -> 🧩 لغز
A17: قسم البيتزا | B17: بيتزا فراخ باربيكيو وسط | C17: =IFERROR(INDEX('تحليل التكلفة والسعر'!$D$2:$D$700,MATCH("بيتزا فراخ باربيكيو وسط",'تحليل التكلفة والسعر'!$B$2:$B$700,0)),"") -> 150 | D17: =IFERROR(INDEX('تحليل التكلفة والسعر'!$I$2:$I$700,MATCH("بيتزا فراخ باربيكيو وسط",'تحليل التكلفة والسعر'!$B$2:$B$700,0)),"") -> 0.46779733 | E17: 276 | F17: =IF(OR(NOT(INDEX('تحليل التكلفة والسعر'!$C$2:$C$700,MATCH("بيتزا فراخ باربيكيو وسط",'تحليل التكلفة والسعر'!$B$2:$B$700,0))>0),$E17=0),"بيانات غير كافية",IF(AND($E17>=AVERAGEIFS($E$5:$E$175,$A$5:$A$175,$A17,$E$5:$E$175,">0"),INDEX('تحليل التكلفة والسعر'!$H$2:$H$700,MATCH("بيتزا فراخ باربيكيو وسط",'تحليل التكلفة والسعر'!$B$2:$B$700,0))>=AVERAGEIFS('تحليل التكلفة والسعر'!$H$2:$H$700,'تحليل التكلفة والسعر'!$A$2:$A$700,$A17,'تحليل التكلفة والسعر'!$C$2:$C$700,">0")),"⭐ نجم",IF(AND($E17>=AVERAGEIFS($E$5:$E$175,$A$5:$A$175,$A17,$E$5:$E$175,">0"),INDEX('تحليل التكلفة والسعر'!$H$2:$H$700,MATCH("بيتزا فراخ باربيكيو وسط",'تحليل التكلفة والسعر'!$B$2:$B$700,0))<AVERAGEIFS('تحليل التكلفة والسعر'!$H$2:$H$700,'تحليل التكلفة والسعر'!$A$2:$A$700,$A17,'تحليل التكلفة والسعر'!$C$2:$C$700,">0")),"🐎 حصان عمل",IF(AND($E17<AVERAGEIFS($E$5:$E$175,$A$5:$A$175,$A17,$E$5:$E$175,">0"),INDEX('تحليل التكلفة والسعر'!$H$2:$H$700,MATCH("بيتزا فراخ باربيكيو وسط",'تحليل التكلفة والسعر'!$B$2:$B$700,0))>=AVERAGEIFS('تحليل التكلفة والسعر'!$H$2:$H$700,'تحليل التكلفة والسعر'!$A$2:$A$700,$A17,'تحليل التكلفة والسعر'!$C$2:$C$700,">0")),"🧩 لغز","🐶 كلب")))) -> 🐎 حصان عمل | G17: 8 | H17: =IF(OR(NOT(INDEX('تحليل التكلفة والسعر'!$C$2:$C$700,MATCH("بيتزا فراخ باربيكيو وسط",'تحليل التكلفة والسعر'!$B$2:$B$700,0))>0),$G17=0),"بيانات غير كافية",IF(AND($G17>=AVERAGEIFS($G$5:$G$175,$A$5:$A$175,$A17,$G$5:$G$175,">0"),INDEX('تحليل التكلفة والسعر'!$H$2:$H$700,MATCH("بيتزا فراخ باربيكيو وسط",'تحليل التكلفة والسعر'!$B$2:$B$700,0))>=AVERAGEIFS('تحليل التكلفة والسعر'!$H$2:$H$700,'تحليل التكلفة والسعر'!$A$2:$A$700,$A17,'تحليل التكلفة والسعر'!$C$2:$C$700,">0")),"⭐ نجم",IF(AND($G17>=AVERAGEIFS($G$5:$G$175,$A$5:$A$175,$A17,$G$5:$G$175,">0"),INDEX('تحليل التكلفة والسعر'!$H$2:$H$700,MATCH("بيتزا فراخ باربيكيو وسط",'تحليل التكلفة والسعر'!$B$2:$B$700,0))<AVERAGEIFS('تحليل التكلفة والسعر'!$H$2:$H$700,'تحليل التكلفة والسعر'!$A$2:$A$700,$A17,'تحليل التكلفة والسعر'!$C$2:$C$700,">0")),"🐎 حصان عمل",IF(AND($G17<AVERAGEIFS($G$5:$G$175,$A$5:$A$175,$A17,$G$5:$G$175,">0"),INDEX('تحليل التكلفة والسعر'!$H$2:$H$700,MATCH("بيتزا فراخ باربيكيو وسط",'تحليل التكلفة والسعر'!$B$2:$B$700,0))>=AVERAGEIFS('تحليل التكلفة والسعر'!$H$2:$H$700,'تحليل التكلفة والسعر'!$A$2:$A$700,$A17,'تحليل التكلفة والسعر'!$C$2:$C$700,">0")),"🧩 لغز","🐶 كلب")))) -> 🐶 كلب
A18: قسم البيتزا | B18: بيتزا فراخ باربيكيو حجم اكبر | C18: =IFERROR(INDEX('تحليل التكلفة والسعر'!$D$2:$D$700,MATCH("بيتزا فراخ باربيكيو حجم اكبر",'تحليل التكلفة والسعر'!$B$2:$B$700,0)),"") -> 230 | D18: =IFERROR(INDEX('تحليل التكلفة والسعر'!$I$2:$I$700,MATCH("بيتزا فراخ باربيكيو حجم اكبر",'تحليل التكلفة والسعر'!$B$2:$B$700,0)),"") -> 0.51954522 | E18: 12 | F18: =IF(OR(NOT(INDEX('تحليل التكلفة والسعر'!$C$2:$C$700,MATCH("بيتزا فراخ باربيكيو حجم اكبر",'تحليل التكلفة والسعر'!$B$2:$B$700,0))>0),$E18=0),"بيانات غير كافية",IF(AND($E18>=AVERAGEIFS($E$5:$E$175,$A$5:$A$175,$A18,$E$5:$E$175,">0"),INDEX('تحليل التكلفة والسعر'!$H$2:$H$700,MATCH("بيتزا فراخ باربيكيو حجم اكبر",'تحليل التكلفة والسعر'!$B$2:$B$700,0))>=AVERAGEIFS('تحليل التكلفة والسعر'!$H$2:$H$700,'تحليل التكلفة والسعر'!$A$2:$A$700,$A18,'تحليل التكلفة والسعر'!$C$2:$C$700,">0")),"⭐ نجم",IF(AND($E18>=AVERAGEIFS($E$5:$E$175,$A$5:$A$175,$A18,$E$5:$E$175,">0"),INDEX('تحليل التكلفة والسعر'!$H$2:$H$700,MATCH("بيتزا فراخ باربيكيو حجم اكبر",'تحليل التكلفة والسعر'!$B$2:$B$700,0))<AVERAGEIFS('تحليل التكلفة والسعر'!$H$2:$H$700,'تحليل التكلفة والسعر'!$A$2:$A$700,$A18,'تحليل التكلفة والسعر'!$C$2:$C$700,">0")),"🐎 حصان عمل",IF(AND($E18<AVERAGEIFS($E$5:$E$175,$A$5:$A$175,$A18,$E$5:$E$175,">0"),INDEX('تحليل التكلفة والسعر'!$H$2:$H$700,MATCH("بيتزا فراخ باربيكيو حجم اكبر",'تحليل التكلفة والسعر'!$B$2:$B$700,0))>=AVERAGEIFS('تحليل التكلفة والسعر'!$H$2:$H$700,'تحليل التكلفة والسعر'!$A$2:$A$700,$A18,'تحليل التكلفة والسعر'!$C$2:$C$700,">0")),"🧩 لغز","🐶 كلب")))) -> 🧩 لغز | G18: 5 | H18: =IF(OR(NOT(INDEX('تحليل التكلفة والسعر'!$C$2:$C$700,MATCH("بيتزا فراخ باربيكيو حجم اكبر",'تحليل التكلفة والسعر'!$B$2:$B$700,0))>0),$G18=0),"بيانات غير كافية",IF(AND($G18>=AVERAGEIFS($G$5:$G$175,$A$5:$A$175,$A18,$G$5:$G$175,">0"),INDEX('تحليل التكلفة والسعر'!$H$2:$H$700,MATCH("بيتزا فراخ باربيكيو حجم اكبر",'تحليل التكلفة والسعر'!$B$2:$B$700,0))>=AVERAGEIFS('تحليل التكلفة والسعر'!$H$2:$H$700,'تحليل التكلفة والسعر'!$A$2:$A$700,$A18,'تحليل التكلفة والسعر'!$C$2:$C$700,">0")),"⭐ نجم",IF(AND($G18>=AVERAGEIFS($G$5:$G$175,$A$5:$A$175,$A18,$G$5:$G$175,">0"),INDEX('تحليل التكلفة والسعر'!$H$2:$H$700,MATCH("بيتزا فراخ باربيكيو حجم اكبر",'تحليل التكلفة والسعر'!$B$2:$B$700,0))<AVERAGEIFS('تحليل التكلفة والسعر'!$H$2:$H$700,'تحليل التكلفة والسعر'!$A$2:$A$700,$A18,'تحليل التكلفة والسعر'!$C$2:$C$700,">0")),"🐎 حصان عمل",IF(AND($G18<AVERAGEIFS($G$5:$G$175,$A$5:$A$175,$A18,$G$5:$G$175,">0"),INDEX('تحليل التكلفة والسعر'!$H$2:$H$700,MATCH("بيتزا فراخ باربيكيو حجم اكبر",'تحليل التكلفة والسعر'!$B$2:$B$700,0))>=AVERAGEIFS('تحليل التكلفة والسعر'!$H$2:$H$700,'تحليل التكلفة والسعر'!$A$2:$A$700,$A18,'تحليل التكلفة والسعر'!$C$2:$C$700,">0")),"🧩 لغز","🐶 كلب")))) -> 🧩 لغز
A19: قسم البيتزا | B19: بيتزا فراخ كريسبي رانش وسط | C19: =IFERROR(INDEX('تحليل التكلفة والسعر'!$D$2:$D$700,MATCH("بيتزا فراخ كريسبي رانش وسط",'تحليل التكلفة والسعر'!$B$2:$B$700,0)),"") -> 150 | D19: =IFERROR(INDEX('تحليل التكلفة والسعر'!$I$2:$I$700,MATCH("بيتزا فراخ كريسبي رانش وسط",'تحليل التكلفة والسعر'!$B$2:$B$700,0)),"") -> 0.433826 | E19: 0 | F19: =IF(OR(NOT(INDEX('تحليل التكلفة والسعر'!$C$2:$C$700,MATCH("بيتزا فراخ كريسبي رانش وسط",'تحليل التكلفة والسعر'!$B$2:$B$700,0))>0),$E19=0),"بيانات غير كافية",IF(AND($E19>=AVERAGEIFS($E$5:$E$175,$A$5:$A$175,$A19,$E$5:$E$175,">0"),INDEX('تحليل التكلفة والسعر'!$H$2:$H$700,MATCH("بيتزا فراخ كريسبي رانش وسط",'تحليل التكلفة والسعر'!$B$2:$B$700,0))>=AVERAGEIFS('تحليل التكلفة والسعر'!$H$2:$H$700,'تحليل التكلفة والسعر'!$A$2:$A$700,$A19,'تحليل التكلفة والسعر'!$C$2:$C$700,">0")),"⭐ نجم",IF(AND($E19>=AVERAGEIFS($E$5:$E$175,$A$5:$A$175,$A19,$E$5:$E$175,">0"),INDEX('تحليل التكلفة والسعر'!$H$2:$H$700,MATCH("بيتزا فراخ كريسبي رانش وسط",'تحليل التكلفة والسعر'!$B$2:$B$700,0))<AVERAGEIFS('تحليل التكلفة والسعر'!$H$2:$H$700,'تحليل التكلفة والسعر'!$A$2:$A$700,$A19,'تحليل التكلفة والسعر'!$C$2:$C$700,">0")),"🐎 حصان عمل",IF(AND($E19<AVERAGEIFS($E$5:$E$175,$A$5:$A$175,$A19,$E$5:$E$175,">0"),INDEX('تحليل التكلفة والسعر'!$H$2:$H$700,MATCH("بيتزا فراخ كريسبي رانش وسط",'تحليل التكلفة والسعر'!$B$2:$B$700,0))>=AVERAGEIFS('تحليل التكلفة والسعر'!$H$2:$H$700,'تحليل التكلفة والسعر'!$A$2:$A$700,$A19,'تحليل التكلفة والسعر'!$C$2:$C$700,">0")),"🧩 لغز","🐶 كلب")))) -> بيانات غير كافية | G19: 0 | H19: =IF(OR(NOT(INDEX('تحليل التكلفة والسعر'!$C$2:$C$700,MATCH("بيتزا فراخ كريسبي رانش وسط",'تحليل التكلفة والسعر'!$B$2:$B$700,0))>0),$G19=0),"بيانات غير كافية",IF(AND($G19>=AVERAGEIFS($G$5:$G$175,$A$5:$A$175,$A19,$G$5:$G$175,">0"),INDEX('تحليل التكلفة والسعر'!$H$2:$H$700,MATCH("بيتزا فراخ كريسبي رانش وسط",'تحليل التكلفة والسعر'!$B$2:$B$700,0))>=AVERAGEIFS('تحليل التكلفة والسعر'!$H$2:$H$700,'تحليل التكلفة والسعر'!$A$2:$A$700,$A19,'تحليل التكلفة والسعر'!$C$2:$C$700,">0")),"⭐ نجم",IF(AND($G19>=AVERAGEIFS($G$5:$G$175,$A$5:$A$175,$A19,$G$5:$G$175,">0"),INDEX('تحليل التكلفة والسعر'!$H$2:$H$700,MATCH("بيتزا فراخ كريسبي رانش وسط",'تحليل التكلفة والسعر'!$B$2:$B$700,0))<AVERAGEIFS('تحليل التكلفة والسعر'!$H$2:$H$700,'تحليل التكلفة والسعر'!$A$2:$A$700,$A19,'تحليل التكلفة والسعر'!$C$2:$C$700,">0")),"🐎 حصان عمل",IF(AND($G19<AVERAGEIFS($G$5:$G$175,$A$5:$A$175,$A19,$G$5:$G$175,">0"),INDEX('تحليل التكلفة والسعر'!$H$2:$H$700,MATCH("بيتزا فراخ كريسبي رانش وسط",'تحليل التكلفة والسعر'!$B$2:$B$700,0))>=AVERAGEIFS('تحليل التكلفة والسعر'!$H$2:$H$700,'تحليل التكلفة والسعر'!$A$2:$A$700,$A19,'تحليل التكلفة والسعر'!$C$2:$C$700,">0")),"🧩 لغز","🐶 كلب")))) -> بيانات غير كافية
A20: قسم البيتزا | B20: بيتزا فراخ كريسبي رانش حجم اكبر | C20: =IFERROR(INDEX('تحليل التكلفة والسعر'!$D$2:$D$700,MATCH("بيتزا فراخ كريسبي رانش حجم اكبر",'تحليل التكلفة والسعر'!$B$2:$B$700,0)),"") -> 230 | D20: =IFERROR(INDEX('تحليل التكلفة والسعر'!$I$2:$I$700,MATCH("بيتزا فراخ كريسبي رانش حجم اكبر",'تحليل التكلفة والسعر'!$B$2:$B$700,0)),"") -> 0.55847565 | E20: 0 | F20: =IF(OR(NOT(INDEX('تحليل التكلفة والسعر'!$C$2:$C$700,MATCH("بيتزا فراخ كريسبي رانش حجم اكبر",'تحليل التكلفة والسعر'!$B$2:$B$700,0))>0),$E20=0),"بيانات غير كافية",IF(AND($E20>=AVERAGEIFS($E$5:$E$175,$A$5:$A$175,$A20,$E$5:$E$175,">0"),INDEX('تحليل التكلفة والسعر'!$H$2:$H$700,MATCH("بيتزا فراخ كريسبي رانش حجم اكبر",'تحليل التكلفة والسعر'!$B$2:$B$700,0))>=AVERAGEIFS('تحليل التكلفة والسعر'!$H$2:$H$700,'تحليل التكلفة والسعر'!$A$2:$A$700,$A20,'تحليل التكلفة والسعر'!$C$2:$C$700,">0")),"⭐ نجم",IF(AND($E20>=AVERAGEIFS($E$5:$E$175,$A$5:$A$175,$A20,$E$5:$E$175,">0"),INDEX('تحليل التكلفة والسعر'!$H$2:$H$700,MATCH("بيتزا فراخ كريسبي رانش حجم اكبر",'تحليل التكلفة والسعر'!$B$2:$B$700,0))<AVERAGEIFS('تحليل التكلفة والسعر'!$H$2:$H$700,'تحليل التكلفة والسعر'!$A$2:$A$700,$A20,'تحليل التكلفة والسعر'!$C$2:$C$700,">0")),"🐎 حصان عمل",IF(AND($E20<AVERAGEIFS($E$5:$E$175,$A$5:$A$175,$A20,$E$5:$E$175,">0"),INDEX('تحليل التكلفة والسعر'!$H$2:$H$700,MATCH("بيتزا فراخ كريسبي رانش حجم اكبر",'تحليل التكلفة والسعر'!$B$2:$B$700,0))>=AVERAGEIFS('تحليل التكلفة والسعر'!$H$2:$H$700,'تحليل التكلفة والسعر'!$A$2:$A$700,$A20,'تحليل التكلفة والسعر'!$C$2:$C$700,">0")),"🧩 لغز","🐶 كلب")))) -> بيانات غير كافية | G20: 0 | H20: =IF(OR(NOT(INDEX('تحليل التكلفة والسعر'!$C$2:$C$700,MATCH("بيتزا فراخ كريسبي رانش حجم اكبر",'تحليل التكلفة والسعر'!$B$2:$B$700,0))>0),$G20=0),"بيانات غير كافية",IF(AND($G20>=AVERAGEIFS($G$5:$G$175,$A$5:$A$175,$A20,$G$5:$G$175,">0"),INDEX('تحليل التكلفة والسعر'!$H$2:$H$700,MATCH("بيتزا فراخ كريسبي رانش حجم اكبر",'تحليل التكلفة والسعر'!$B$2:$B$700,0))>=AVERAGEIFS('تحليل التكلفة والسعر'!$H$2:$H$700,'تحليل التكلفة والسعر'!$A$2:$A$700,$A20,'تحليل التكلفة والسعر'!$C$2:$C$700,">0")),"⭐ نجم",IF(AND($G20>=AVERAGEIFS($G$5:$G$175,$A$5:$A$175,$A20,$G$5:$G$175,">0"),INDEX('تحليل التكلفة والسعر'!$H$2:$H$700,MATCH("بيتزا فراخ كريسبي رانش حجم اكبر",'تحليل التكلفة والسعر'!$B$2:$B$700,0))<AVERAGEIFS('تحليل التكلفة والسعر'!$H$2:$H$700,'تحليل التكلفة والسعر'!$A$2:$A$700,$A20,'تحليل التكلفة والسعر'!$C$2:$C$700,">0")),"🐎 حصان عمل",IF(AND($G20<AVERAGEIFS($G$5:$G$175,$A$5:$A$175,$A20,$G$5:$G$175,">0"),INDEX('تحليل التكلفة والسعر'!$H$2:$H$700,MATCH("بيتزا فراخ كريسبي رانش حجم اكبر",'تحليل التكلفة والسعر'!$B$2:$B$700,0))>=AVERAGEIFS('تحليل التكلفة والسعر'!$H$2:$H$700,'تحليل التكلفة والسعر'!$A$2:$A$700,$A20,'تحليل التكلفة والسعر'!$C$2:$C$700,">0")),"🧩 لغز","🐶 كلب")))) -> بيانات غير كافية
A21: قسم البيتزا | B21: بيتزا فراخ كريسبي شيدر وسط | C21: =IFERROR(INDEX('تحليل التكلفة والسعر'!$D$2:$D$700,MATCH("بيتزا فراخ كريسبي شيدر وسط",'تحليل التكلفة والسعر'!$B$2:$B$700,0)),"") -> 150 | D21: =IFERROR(INDEX('تحليل التكلفة والسعر'!$I$2:$I$700,MATCH("بيتزا فراخ كريسبي شيدر وسط",'تحليل التكلفة والسعر'!$B$2:$B$700,0)),"") -> 0.41049267 | E21: 0 | F21: =IF(OR(NOT(INDEX('تحليل التكلفة والسعر'!$C$2:$C$700,MATCH("بيتزا فراخ كريسبي شيدر وسط",'تحليل التكلفة والسعر'!$B$2:$B$700,0))>0),$E21=0),"بيانات غير كافية",IF(AND($E21>=AVERAGEIFS($E$5:$E$175,$A$5:$A$175,$A21,$E$5:$E$175,">0"),INDEX('تحليل التكلفة والسعر'!$H$2:$H$700,MATCH("بيتزا فراخ كريسبي شيدر وسط",'تحليل التكلفة والسعر'!$B$2:$B$700,0))>=AVERAGEIFS('تحليل التكلفة والسعر'!$H$2:$H$700,'تحليل التكلفة والسعر'!$A$2:$A$700,$A21,'تحليل التكلفة والسعر'!$C$2:$C$700,">0")),"⭐ نجم",IF(AND($E21>=AVERAGEIFS($E$5:$E$175,$A$5:$A$175,$A21,$E$5:$E$175,">0"),INDEX('تحليل التكلفة والسعر'!$H$2:$H$700,MATCH("بيتزا فراخ كريسبي شيدر وسط",'تحليل التكلفة والسعر'!$B$2:$B$700,0))<AVERAGEIFS('تحليل التكلفة والسعر'!$H$2:$H$700,'تحليل التكلفة والسعر'!$A$2:$A$700,$A21,'تحليل التكلفة والسعر'!$C$2:$C$700,">0")),"🐎 حصان عمل",IF(AND($E21<AVERAGEIFS($E$5:$E$175,$A$5:$A$175,$A21,$E$5:$E$175,">0"),INDEX('تحليل التكلفة والسعر'!$H$2:$H$700,MATCH("بيتزا فراخ كريسبي شيدر وسط",'تحليل التكلفة والسعر'!$B$2:$B$700,0))>=AVERAGEIFS('تحليل التكلفة والسعر'!$H$2:$H$700,'تحليل التكلفة والسعر'!$A$2:$A$700,$A21,'تحليل التكلفة والسعر'!$C$2:$C$700,">0")),"🧩 لغز","🐶 كلب")))) -> بيانات غير كافية | G21: 0 | H21: =IF(OR(NOT(INDEX('تحليل التكلفة والسعر'!$C$2:$C$700,MATCH("بيتزا فراخ كريسبي شيدر وسط",'تحليل التكلفة والسعر'!$B$2:$B$700,0))>0),$G21=0),"بيانات غير كافية",IF(AND($G21>=AVERAGEIFS($G$5:$G$175,$A$5:$A$175,$A21,$G$5:$G$175,">0"),INDEX('تحليل التكلفة والسعر'!$H$2:$H$700,MATCH("بيتزا فراخ كريسبي شيدر وسط",'تحليل التكلفة والسعر'!$B$2:$B$700,0))>=AVERAGEIFS('تحليل التكلفة والسعر'!$H$2:$H$700,'تحليل التكلفة والسعر'!$A$2:$A$700,$A21,'تحليل التكلفة والسعر'!$C$2:$C$700,">0")),"⭐ نجم",IF(AND($G21>=AVERAGEIFS($G$5:$G$175,$A$5:$A$175,$A21,$G$5:$G$175,">0"),INDEX('تحليل التكلفة والسعر'!$H$2:$H$700,MATCH("بيتزا فراخ كريسبي شيدر وسط",'تحليل التكلفة والسعر'!$B$2:$B$700,0))<AVERAGEIFS('تحليل التكلفة والسعر'!$H$2:$H$700,'تحليل التكلفة والسعر'!$A$2:$A$700,$A21,'تحليل التكلفة والسعر'!$C$2:$C$700,">0")),"🐎 حصان عمل",IF(AND($G21<AVERAGEIFS($G$5:$G$175,$A$5:$A$175,$A21,$G$5:$G$175,">0"),INDEX('تحليل التكلفة والسعر'!$H$2:$H$700,MATCH("بيتزا فراخ كريسبي شيدر وسط",'تحليل التكلفة والسعر'!$B$2:$B$700,0))>=AVERAGEIFS('تحليل التكلفة والسعر'!$H$2:$H$700,'تحليل التكلفة والسعر'!$A$2:$A$700,$A21,'تحليل التكلفة والسعر'!$C$2:$C$700,">0")),"🧩 لغز","🐶 كلب")))) -> بيانات غير كافية
A22: قسم البيتزا | B22: بيتزا فراخ كريسبي شيدر حجم اكبر | C22: =IFERROR(INDEX('تحليل التكلفة والسعر'!$D$2:$D$700,MATCH("بيتزا فراخ كريسبي شيدر حجم اكبر",'تحليل التكلفة والسعر'!$B$2:$B$700,0)),"") -> 230 | D22: =IFERROR(INDEX('تحليل التكلفة والسعر'!$I$2:$I$700,MATCH("بيتزا فراخ كريسبي شيدر حجم اكبر",'تحليل التكلفة والسعر'!$B$2:$B$700,0)),"") -> 0.53564957 | E22: 0 | F22: =IF(OR(NOT(INDEX('تحليل التكلفة والسعر'!$C$2:$C$700,MATCH("بيتزا فراخ كريسبي شيدر حجم اكبر",'تحليل التكلفة والسعر'!$B$2:$B$700,0))>0),$E22=0),"بيانات غير كافية",IF(AND($E22>=AVERAGEIFS($E$5:$E$175,$A$5:$A$175,$A22,$E$5:$E$175,">0"),INDEX('تحليل التكلفة والسعر'!$H$2:$H$700,MATCH("بيتزا فراخ كريسبي شيدر حجم اكبر",'تحليل التكلفة والسعر'!$B$2:$B$700,0))>=AVERAGEIFS('تحليل التكلفة والسعر'!$H$2:$H$700,'تحليل التكلفة والسعر'!$A$2:$A$700,$A22,'تحليل التكلفة والسعر'!$C$2:$C$700,">0")),"⭐ نجم",IF(AND($E22>=AVERAGEIFS($E$5:$E$175,$A$5:$A$175,$A22,$E$5:$E$175,">0"),INDEX('تحليل التكلفة والسعر'!$H$2:$H$700,MATCH("بيتزا فراخ كريسبي شيدر حجم اكبر",'تحليل التكلفة والسعر'!$B$2:$B$700,0))<AVERAGEIFS('تحليل التكلفة والسعر'!$H$2:$H$700,'تحليل التكلفة والسعر'!$A$2:$A$700,$A22,'تحليل التكلفة والسعر'!$C$2:$C$700,">0")),"🐎 حصان عمل",IF(AND($E22<AVERAGEIFS($E$5:$E$175,$A$5:$A$175,$A22,$E$5:$E$175,">0"),INDEX('تحليل التكلفة والسعر'!$H$2:$H$700,MATCH("بيتزا فراخ كريسبي شيدر حجم اكبر",'تحليل التكلفة والسعر'!$B$2:$B$700,0))>=AVERAGEIFS('تحليل التكلفة والسعر'!$H$2:$H$700,'تحليل التكلفة والسعر'!$A$2:$A$700,$A22,'تحليل التكلفة والسعر'!$C$2:$C$700,">0")),"🧩 لغز","🐶 كلب")))) -> بيانات غير كافية | G22: 0 | H22: =IF(OR(NOT(INDEX('تحليل التكلفة والسعر'!$C$2:$C$700,MATCH("بيتزا فراخ كريسبي شيدر حجم اكبر",'تحليل التكلفة والسعر'!$B$2:$B$700,0))>0),$G22=0),"بيانات غير كافية",IF(AND($G22>=AVERAGEIFS($G$5:$G$175,$A$5:$A$175,$A22,$G$5:$G$175,">0"),INDEX('تحليل التكلفة والسعر'!$H$2:$H$700,MATCH("بيتزا فراخ كريسبي شيدر حجم اكبر",'تحليل التكلفة والسعر'!$B$2:$B$700,0))>=AVERAGEIFS('تحليل التكلفة والسعر'!$H$2:$H$700,'تحليل التكلفة والسعر'!$A$2:$A$700,$A22,'تحليل التكلفة والسعر'!$C$2:$C$700,">0")),"⭐ نجم",IF(AND($G22>=AVERAGEIFS($G$5:$G$175,$A$5:$A$175,$A22,$G$5:$G$175,">0"),INDEX('تحليل التكلفة والسعر'!$H$2:$H$700,MATCH("بيتزا فراخ كريسبي شيدر حجم اكبر",'تحليل التكلفة والسعر'!$B$2:$B$700,0))<AVERAGEIFS('تحليل التكلفة والسعر'!$H$2:$H$700,'تحليل التكلفة والسعر'!$A$2:$A$700,$A22,'تحليل التكلفة والسعر'!$C$2:$C$700,">0")),"🐎 حصان عمل",IF(AND($G22<AVERAGEIFS($G$5:$G$175,$A$5:$A$175,$A22,$G$5:$G$175,">0"),INDEX('تحليل التكلفة والسعر'!$H$2:$H$700,MATCH("بيتزا فراخ كريسبي شيدر حجم اكبر",'تحليل التكلفة والسعر'!$B$2:$B$700,0))>=AVERAGEIFS('تحليل التكلفة والسعر'!$H$2:$H$700,'تحليل التكلفة والسعر'!$A$2:$A$700,$A22,'تحليل التكلفة والسعر'!$C$2:$C$700,">0")),"🧩 لغز","🐶 كلب")))) -> بيانات غير كافية
A23: قسم البيتزا | B23: بيتزا مشكل لحوم النكش وسط | C23: =IFERROR(INDEX('تحليل التكلفة والسعر'!$D$2:$D$700,MATCH("بيتزا مشكل لحوم النكش وسط",'تحليل التكلفة والسعر'!$B$2:$B$700,0)),"") -> 230 | D23: =IFERROR(INDEX('تحليل التكلفة والسعر'!$I$2:$I$700,MATCH("بيتزا مشكل لحوم النكش وسط",'تحليل التكلفة والسعر'!$B$2:$B$700,0)),"") -> 0.43978957 | E23: 0 | F23: =IF(OR(NOT(INDEX('تحليل التكلفة والسعر'!$C$2:$C$700,MATCH("بيتزا مشكل لحوم النكش وسط",'تحليل التكلفة والسعر'!$B$2:$B$700,0))>0),$E23=0),"بيانات غير كافية",IF(AND($E23>=AVERAGEIFS($E$5:$E$175,$A$5:$A$175,$A23,$E$5:$E$175,">0"),INDEX('تحليل التكلفة والسعر'!$H$2:$H$700,MATCH("بيتزا مشكل لحوم النكش وسط",'تحليل التكلفة والسعر'!$B$2:$B$700,0))>=AVERAGEIFS('تحليل التكلفة والسعر'!$H$2:$H$700,'تحليل التكلفة والسعر'!$A$2:$A$700,$A23,'تحليل التكلفة والسعر'!$C$2:$C$700,">0")),"⭐ نجم",IF(AND($E23>=AVERAGEIFS($E$5:$E$175,$A$5:$A$175,$A23,$E$5:$E$175,">0"),INDEX('تحليل التكلفة والسعر'!$H$2:$H$700,MATCH("بيتزا مشكل لحوم النكش وسط",'تحليل التكلفة والسعر'!$B$2:$B$700,0))<AVERAGEIFS('تحليل التكلفة والسعر'!$H$2:$H$700,'تحليل التكلفة والسعر'!$A$2:$A$700,$A23,'تحليل التكلفة والسعر'!$C$2:$C$700,">0")),"🐎 حصان عمل",IF(AND($E23<AVERAGEIFS($E$5:$E$175,$A$5:$A$175,$A23,$E$5:$E$175,">0"),INDEX('تحليل التكلفة والسعر'!$H$2:$H$700,MATCH("بيتزا مشكل لحوم النكش وسط",'تحليل التكلفة والسعر'!$B$2:$B$700,0))>=AVERAGEIFS('تحليل التكلفة والسعر'!$H$2:$H$700,'تحليل التكلفة والسعر'!$A$2:$A$700,$A23,'تحليل التكلفة والسعر'!$C$2:$C$700,">0")),"🧩 لغز","🐶 كلب")))) -> بيانات غير كافية | G23: 0 | H23: =IF(OR(NOT(INDEX('تحليل التكلفة والسعر'!$C$2:$C$700,MATCH("بيتزا مشكل لحوم النكش وسط",'تحليل التكلفة والسعر'!$B$2:$B$700,0))>0),$G23=0),"بيانات غير كافية",IF(AND($G23>=AVERAGEIFS($G$5:$G$175,$A$5:$A$175,$A23,$G$5:$G$175,">0"),INDEX('تحليل التكلفة والسعر'!$H$2:$H$700,MATCH("بيتزا مشكل لحوم النكش وسط",'تحليل التكلفة والسعر'!$B$2:$B$700,0))>=AVERAGEIFS('تحليل التكلفة والسعر'!$H$2:$H$700,'تحليل التكلفة والسعر'!$A$2:$A$700,$A23,'تحليل التكلفة والسعر'!$C$2:$C$700,">0")),"⭐ نجم",IF(AND($G23>=AVERAGEIFS($G$5:$G$175,$A$5:$A$175,$A23,$G$5:$G$175,">0"),INDEX('تحليل التكلفة والسعر'!$H$2:$H$700,MATCH("بيتزا مشكل لحوم النكش وسط",'تحليل التكلفة والسعر'!$B$2:$B$700,0))<AVERAGEIFS('تحليل التكلفة والسعر'!$H$2:$H$700,'تحليل التكلفة والسعر'!$A$2:$A$700,$A23,'تحليل التكلفة والسعر'!$C$2:$C$700,">0")),"🐎 حصان عمل",IF(AND($G23<AVERAGEIFS($G$5:$G$175,$A$5:$A$175,$A23,$G$5:$G$175,">0"),INDEX('تحليل التكلفة والسعر'!$H$2:$H$700,MATCH("بيتزا مشكل لحوم النكش وسط",'تحليل التكلفة والسعر'!$B$2:$B$700,0))>=AVERAGEIFS('تحليل التكلفة والسعر'!$H$2:$H$700,'تحليل التكلفة والسعر'!$A$2:$A$700,$A23,'تحليل التكلفة والسعر'!$C$2:$C$700,">0")),"🧩 لغز","🐶 كلب")))) -> بيانات غير كافية
A24: قسم البيتزا | B24: بيتزا مشكل لحوم النكش حجم اكبر | C24: =IFERROR(INDEX('تحليل التكلفة والسعر'!$D$2:$D$700,MATCH("بيتزا مشكل لحوم النكش حجم اكبر",'تحليل التكلفة والسعر'!$B$2:$B$700,0)),"") -> 340 | D24: =IFERROR(INDEX('تحليل التكلفة والسعر'!$I$2:$I$700,MATCH("بيتزا مشكل لحوم النكش حجم اكبر",'تحليل التكلفة والسعر'!$B$2:$B$700,0)),"") -> 0.51797176 | E24: 0 | F24: =IF(OR(NOT(INDEX('تحليل التكلفة والسعر'!$C$2:$C$700,MATCH("بيتزا مشكل لحوم النكش حجم اكبر",'تحليل التكلفة والسعر'!$B$2:$B$700,0))>0),$E24=0),"بيانات غير كافية",IF(AND($E24>=AVERAGEIFS($E$5:$E$175,$A$5:$A$175,$A24,$E$5:$E$175,">0"),INDEX('تحليل التكلفة والسعر'!$H$2:$H$700,MATCH("بيتزا مشكل لحوم النكش حجم اكبر",'تحليل التكلفة والسعر'!$B$2:$B$700,0))>=AVERAGEIFS('تحليل التكلفة والسعر'!$H$2:$H$700,'تحليل التكلفة والسعر'!$A$2:$A$700,$A24,'تحليل التكلفة والسعر'!$C$2:$C$700,">0")),"⭐ نجم",IF(AND($E24>=AVERAGEIFS($E$5:$E$175,$A$5:$A$175,$A24,$E$5:$E$175,">0"),INDEX('تحليل التكلفة والسعر'!$H$2:$H$700,MATCH("بيتزا مشكل لحوم النكش حجم اكبر",'تحليل التكلفة والسعر'!$B$2:$B$700,0))<AVERAGEIFS('تحليل التكلفة والسعر'!$H$2:$H$700,'تحليل التكلفة والسعر'!$A$2:$A$700,$A24,'تحليل التكلفة والسعر'!$C$2:$C$700,">0")),"🐎 حصان عمل",IF(AND($E24<AVERAGEIFS($E$5:$E$175,$A$5:$A$175,$A24,$E$5:$E$175,">0"),INDEX('تحليل التكلفة والسعر'!$H$2:$H$700,MATCH("بيتزا مشكل لحوم النكش حجم اكبر",'تحليل التكلفة والسعر'!$B$2:$B$700,0))>=AVERAGEIFS('تحليل التكلفة والسعر'!$H$2:$H$700,'تحليل التكلفة والسعر'!$A$2:$A$700,$A24,'تحليل التكلفة والسعر'!$C$2:$C$700,">0")),"🧩 لغز","🐶 كلب")))) -> بيانات غير كافية | G24: 0 | H24: =IF(OR(NOT(INDEX('تحليل التكلفة والسعر'!$C$2:$C$700,MATCH("بيتزا مشكل لحوم النكش حجم اكبر",'تحليل التكلفة والسعر'!$B$2:$B$700,0))>0),$G24=0),"بيانات غير كافية",IF(AND($G24>=AVERAGEIFS($G$5:$G$175,$A$5:$A$175,$A24,$G$5:$G$175,">0"),INDEX('تحليل التكلفة والسعر'!$H$2:$H$700,MATCH("بيتزا مشكل لحوم النكش حجم اكبر",'تحليل التكلفة والسعر'!$B$2:$B$700,0))>=AVERAGEIFS('تحليل التكلفة والسعر'!$H$2:$H$700,'تحليل التكلفة والسعر'!$A$2:$A$700,$A24,'تحليل التكلفة والسعر'!$C$2:$C$700,">0")),"⭐ نجم",IF(AND($G24>=AVERAGEIFS($G$5:$G$175,$A$5:$A$175,$A24,$G$5:$G$175,">0"),INDEX('تحليل التكلفة والسعر'!$H$2:$H$700,MATCH("بيتزا مشكل لحوم النكش حجم اكبر",'تحليل التكلفة والسعر'!$B$2:$B$700,0))<AVERAGEIFS('تحليل التكلفة والسعر'!$H$2:$H$700,'تحليل التكلفة والسعر'!$A$2:$A$700,$A24,'تحليل التكلفة والسعر'!$C$2:$C$700,">0")),"🐎 حصان عمل",IF(AND($G24<AVERAGEIFS($G$5:$G$175,$A$5:$A$175,$A24,$G$5:$G$175,">0"),INDEX('تحليل التكلفة والسعر'!$H$2:$H$700,MATCH("بيتزا مشكل لحوم النكش حجم اكبر",'تحليل التكلفة والسعر'!$B$2:$B$700,0))>=AVERAGEIFS('تحليل التكلفة والسعر'!$H$2:$H$700,'تحليل التكلفة والسعر'!$A$2:$A$700,$A24,'تحليل التكلفة والسعر'!$C$2:$C$700,">0")),"🧩 لغز","🐶 كلب")))) -> بيانات غير كافية
A25: قسم البيتزا | B25: بيتزا جمبري وسط | C25: =IFERROR(INDEX('تحليل التكلفة والسعر'!$D$2:$D$700,MATCH("بيتزا جمبري وسط",'تحليل التكلفة والسعر'!$B$2:$B$700,0)),"") -> 240 | D25: =IFERROR(INDEX('تحليل التكلفة والسعر'!$I$2:$I$700,MATCH("بيتزا جمبري وسط",'تحليل التكلفة والسعر'!$B$2:$B$700,0)),"") -> 0.44229833 | E25: 17 | F25: =IF(OR(NOT(INDEX('تحليل التكلفة والسعر'!$C$2:$C$700,MATCH("بيتزا جمبري وسط",'تحليل التكلفة والسعر'!$B$2:$B$700,0))>0),$E25=0),"بيانات غير كافية",IF(AND($E25>=AVERAGEIFS($E$5:$E$175,$A$5:$A$175,$A25,$E$5:$E$175,">0"),INDEX('تحليل التكلفة والسعر'!$H$2:$H$700,MATCH("بيتزا جمبري وسط",'تحليل التكلفة والسعر'!$B$2:$B$700,0))>=AVERAGEIFS('تحليل التكلفة والسعر'!$H$2:$H$700,'تحليل التكلفة والسعر'!$A$2:$A$700,$A25,'تحليل التكلفة والسعر'!$C$2:$C$700,">0")),"⭐ نجم",IF(AND($E25>=AVERAGEIFS($E$5:$E$175,$A$5:$A$175,$A25,$E$5:$E$175,">0"),INDEX('تحليل التكلفة والسعر'!$H$2:$H$700,MATCH("بيتزا جمبري وسط",'تحليل التكلفة والسعر'!$B$2:$B$700,0))<AVERAGEIFS('تحليل التكلفة والسعر'!$H$2:$H$700,'تحليل التكلفة والسعر'!$A$2:$A$700,$A25,'تحليل التكلفة والسعر'!$C$2:$C$700,">0")),"🐎 حصان عمل",IF(AND($E25<AVERAGEIFS($E$5:$E$175,$A$5:$A$175,$A25,$E$5:$E$175,">0"),INDEX('تحليل التكلفة والسعر'!$H$2:$H$700,MATCH("بيتزا جمبري وسط",'تحليل التكلفة والسعر'!$B$2:$B$700,0))>=AVERAGEIFS('تحليل التكلفة والسعر'!$H$2:$H$700,'تحليل التكلفة والسعر'!$A$2:$A$700,$A25,'تحليل التكلفة والسعر'!$C$2:$C$700,">0")),"🧩 لغز","🐶 كلب")))) -> 🧩 لغز | G25: 4 | H25: =IF(OR(NOT(INDEX('تحليل التكلفة والسعر'!$C$2:$C$700,MATCH("بيتزا جمبري وسط",'تحليل التكلفة والسعر'!$B$2:$B$700,0))>0),$G25=0),"بيانات غير كافية",IF(AND($G25>=AVERAGEIFS($G$5:$G$175,$A$5:$A$175,$A25,$G$5:$G$175,">0"),INDEX('تحليل التكلفة والسعر'!$H$2:$H$700,MATCH("بيتزا جمبري وسط",'تحليل التكلفة والسعر'!$B$2:$B$700,0))>=AVERAGEIFS('تحليل التكلفة والسعر'!$H$2:$H$700,'تحليل التكلفة والسعر'!$A$2:$A$700,$A25,'تحليل التكلفة والسعر'!$C$2:$C$700,">0")),"⭐ نجم",IF(AND($G25>=AVERAGEIFS($G$5:$G$175,$A$5:$A$175,$A25,$G$5:$G$175,">0"),INDEX('تحليل التكلفة والسعر'!$H$2:$H$700,MATCH("بيتزا جمبري وسط",'تحليل التكلفة والسعر'!$B$2:$B$700,0))<AVERAGEIFS('تحليل التكلفة والسعر'!$H$2:$H$700,'تحليل التكلفة والسعر'!$A$2:$A$700,$A25,'تحليل التكلفة والسعر'!$C$2:$C$700,">0")),"🐎 حصان عمل",IF(AND($G25<AVERAGEIFS($G$5:$G$175,$A$5:$A$175,$A25,$G$5:$G$175,">0"),INDEX('تحليل التكلفة والسعر'!$H$2:$H$700,MATCH("بيتزا جمبري وسط",'تحليل التكلفة والسعر'!$B$2:$B$700,0))>=AVERAGEIFS('تحليل التكلفة والسعر'!$H$2:$H$700,'تحليل التكلفة والسعر'!$A$2:$A$700,$A25,'تحليل التكلفة والسعر'!$C$2:$C$700,">0")),"🧩 لغز","🐶 كلب")))) -> 🧩 لغز
A26: قسم البيتزا | B26: بيتزا جمبري حجم اكبر | C26: =IFERROR(INDEX('تحليل التكلفة والسعر'!$D$2:$D$700,MATCH("بيتزا جمبري حجم اكبر",'تحليل التكلفة والسعر'!$B$2:$B$700,0)),"") -> 360 | D26: =IFERROR(INDEX('تحليل التكلفة والسعر'!$I$2:$I$700,MATCH("بيتزا جمبري حجم اكبر",'تحليل التكلفة والسعر'!$B$2:$B$700,0)),"") -> 0.46188083 | E26: 2 | F26: =IF(OR(NOT(INDEX('تحليل التكلفة والسعر'!$C$2:$C$700,MATCH("بيتزا جمبري حجم اكبر",'تحليل التكلفة والسعر'!$B$2:$B$700,0))>0),$E26=0),"بيانات غير كافية",IF(AND($E26>=AVERAGEIFS($E$5:$E$175,$A$5:$A$175,$A26,$E$5:$E$175,">0"),INDEX('تحليل التكلفة والسعر'!$H$2:$H$700,MATCH("بيتزا جمبري حجم اكبر",'تحليل التكلفة والسعر'!$B$2:$B$700,0))>=AVERAGEIFS('تحليل التكلفة والسعر'!$H$2:$H$700,'تحليل التكلفة والسعر'!$A$2:$A$700,$A26,'تحليل التكلفة والسعر'!$C$2:$C$700,">0")),"⭐ نجم",IF(AND($E26>=AVERAGEIFS($E$5:$E$175,$A$5:$A$175,$A26,$E$5:$E$175,">0"),INDEX('تحليل التكلفة والسعر'!$H$2:$H$700,MATCH("بيتزا جمبري حجم اكبر",'تحليل التكلفة والسعر'!$B$2:$B$700,0))<AVERAGEIFS('تحليل التكلفة والسعر'!$H$2:$H$700,'تحليل التكلفة والسعر'!$A$2:$A$700,$A26,'تحليل التكلفة والسعر'!$C$2:$C$700,">0")),"🐎 حصان عمل",IF(AND($E26<AVERAGEIFS($E$5:$E$175,$A$5:$A$175,$A26,$E$5:$E$175,">0"),INDEX('تحليل التكلفة والسعر'!$H$2:$H$700,MATCH("بيتزا جمبري حجم اكبر",'تحليل التكلفة والسعر'!$B$2:$B$700,0))>=AVERAGEIFS('تحليل التكلفة والسعر'!$H$2:$H$700,'تحليل التكلفة والسعر'!$A$2:$A$700,$A26,'تحليل التكلفة والسعر'!$C$2:$C$700,">0")),"🧩 لغز","🐶 كلب")))) -> 🧩 لغز | G26: 4 | H26: =IF(OR(NOT(INDEX('تحليل التكلفة والسعر'!$C$2:$C$700,MATCH("بيتزا جمبري حجم اكبر",'تحليل التكلفة والسعر'!$B$2:$B$700,0))>0),$G26=0),"بيانات غير كافية",IF(AND($G26>=AVERAGEIFS($G$5:$G$175,$A$5:$A$175,$A26,$G$5:$G$175,">0"),INDEX('تحليل التكلفة والسعر'!$H$2:$H$700,MATCH("بيتزا جمبري حجم اكبر",'تحليل التكلفة والسعر'!$B$2:$B$700,0))>=AVERAGEIFS('تحليل التكلفة والسعر'!$H$2:$H$700,'تحليل التكلفة والسعر'!$A$2:$A$700,$A26,'تحليل التكلفة والسعر'!$C$2:$C$700,">0")),"⭐ نجم",IF(AND($G26>=AVERAGEIFS($G$5:$G$175,$A$5:$A$175,$A26,$G$5:$G$175,">0"),INDEX('تحليل التكلفة والسعر'!$H$2:$H$700,MATCH("بيتزا جمبري حجم اكبر",'تحليل التكلفة والسعر'!$B$2:$B$700,0))<AVERAGEIFS('تحليل التكلفة والسعر'!$H$2:$H$700,'تحليل التكلفة والسعر'!$A$2:$A$700,$A26,'تحليل التكلفة والسعر'!$C$2:$C$700,">0")),"🐎 حصان عمل",IF(AND($G26<AVERAGEIFS($G$5:$G$175,$A$5:$A$175,$A26,$G$5:$G$175,">0"),INDEX('تحليل التكلفة والسعر'!$H$2:$H$700,MATCH("بيتزا جمبري حجم اكبر",'تحليل التكلفة والسعر'!$B$2:$B$700,0))>=AVERAGEIFS('تحليل التكلفة والسعر'!$H$2:$H$700,'تحليل التكلفة والسعر'!$A$2:$A$700,$A26,'تحليل التكلفة والسعر'!$C$2:$C$700,">0")),"🧩 لغز","🐶 كلب")))) -> 🧩 لغز
A27: قسم الفطير الحادق | B27: فطيرة سدق وسط | C27: =IFERROR(INDEX('تحليل التكلفة والسعر'!$D$2:$D$700,MATCH("فطيرة سدق وسط",'تحليل التكلفة والسعر'!$B$2:$B$700,0)),"") -> 130 | D27: =IFERROR(INDEX('تحليل التكلفة والسعر'!$I$2:$I$700,MATCH("فطيرة سدق وسط",'تحليل التكلفة والسعر'!$B$2:$B$700,0)),"") -> 0.40593538 | E27: 488 | F27: =IF(OR(NOT(INDEX('تحليل التكلفة والسعر'!$C$2:$C$700,MATCH("فطيرة سدق وسط",'تحليل التكلفة والسعر'!$B$2:$B$700,0))>0),$E27=0),"بيانات غير كافية",IF(AND($E27>=AVERAGEIFS($E$5:$E$175,$A$5:$A$175,$A27,$E$5:$E$175,">0"),INDEX('تحليل التكلفة والسعر'!$H$2:$H$700,MATCH("فطيرة سدق وسط",'تحليل التكلفة والسعر'!$B$2:$B$700,0))>=AVERAGEIFS('تحليل التكلفة والسعر'!$H$2:$H$700,'تحليل التكلفة والسعر'!$A$2:$A$700,$A27,'تحليل التكلفة والسعر'!$C$2:$C$700,">0")),"⭐ نجم",IF(AND($E27>=AVERAGEIFS($E$5:$E$175,$A$5:$A$175,$A27,$E$5:$E$175,">0"),INDEX('تحليل التكلفة والسعر'!$H$2:$H$700,MATCH("فطيرة سدق وسط",'تحليل التكلفة والسعر'!$B$2:$B$700,0))<AVERAGEIFS('تحليل التكلفة والسعر'!$H$2:$H$700,'تحليل التكلفة والسعر'!$A$2:$A$700,$A27,'تحليل التكلفة والسعر'!$C$2:$C$700,">0")),"🐎 حصان عمل",IF(AND($E27<AVERAGEIFS($E$5:$E$175,$A$5:$A$175,$A27,$E$5:$E$175,">0"),INDEX('تحليل التكلفة والسعر'!$H$2:$H$700,MATCH("فطيرة سدق وسط",'تحليل التكلفة والسعر'!$B$2:$B$700,0))>=AVERAGEIFS('تحليل التكلفة والسعر'!$H$2:$H$700,'تحليل التكلفة والسعر'!$A$2:$A$700,$A27,'تحليل التكلفة والسعر'!$C$2:$C$700,">0")),"🧩 لغز","🐶 كلب")))) -> 🐎 حصان عمل | G27: 119 | H27: =IF(OR(NOT(INDEX('تحليل التكلفة والسعر'!$C$2:$C$700,MATCH("فطيرة سدق وسط",'تحليل التكلفة والسعر'!$B$2:$B$700,0))>0),$G27=0),"بيانات غير كافية",IF(AND($G27>=AVERAGEIFS($G$5:$G$175,$A$5:$A$175,$A27,$G$5:$G$175,">0"),INDEX('تحليل التكلفة والسعر'!$H$2:$H$700,MATCH("فطيرة سدق وسط",'تحليل التكلفة والسعر'!$B$2:$B$700,0))>=AVERAGEIFS('تحليل التكلفة والسعر'!$H$2:$H$700,'تحليل التكلفة والسعر'!$A$2:$A$700,$A27,'تحليل التكلفة والسعر'!$C$2:$C$700,">0")),"⭐ نجم",IF(AND($G27>=AVERAGEIFS($G$5:$G$175,$A$5:$A$175,$A27,$G$5:$G$175,">0"),INDEX('تحليل التكلفة والسعر'!$H$2:$H$700,MATCH("فطيرة سدق وسط",'تحليل التكلفة والسعر'!$B$2:$B$700,0))<AVERAGEIFS('تحليل التكلفة والسعر'!$H$2:$H$700,'تحليل التكلفة والسعر'!$A$2:$A$700,$A27,'تحليل التكلفة والسعر'!$C$2:$C$700,">0")),"🐎 حصان عمل",IF(AND($G27<AVERAGEIFS($G$5:$G$175,$A$5:$A$175,$A27,$G$5:$G$175,">0"),INDEX('تحليل التكلفة والسعر'!$H$2:$H$700,MATCH("فطيرة سدق وسط",'تحليل التكلفة والسعر'!$B$2:$B$700,0))>=AVERAGEIFS('تحليل التكلفة والسعر'!$H$2:$H$700,'تحليل التكلفة والسعر'!$A$2:$A$700,$A27,'تحليل التكلفة والسعر'!$C$2:$C$700,">0")),"🧩 لغز","🐶 كلب")))) -> 🐎 حصان عمل
A28: قسم الفطير الحادق | B28: فطيرة سدق حجم اكبر | C28: =IFERROR(INDEX('تحليل التكلفة والسعر'!$D$2:$D$700,MATCH("فطيرة سدق حجم اكبر",'تحليل التكلفة والسعر'!$B$2:$B$700,0)),"") -> 190 | D28: =IFERROR(INDEX('تحليل التكلفة والسعر'!$I$2:$I$700,MATCH("فطيرة سدق حجم اكبر",'تحليل التكلفة والسعر'!$B$2:$B$700,0)),"") -> 0.44703474 | E28: 74 | F28: =IF(OR(NOT(INDEX('تحليل التكلفة والسعر'!$C$2:$C$700,MATCH("فطيرة سدق حجم اكبر",'تحليل التكلفة والسعر'!$B$2:$B$700,0))>0),$E28=0),"بيانات غير كافية",IF(AND($E28>=AVERAGEIFS($E$5:$E$175,$A$5:$A$175,$A28,$E$5:$E$175,">0"),INDEX('تحليل التكلفة والسعر'!$H$2:$H$700,MATCH("فطيرة سدق حجم اكبر",'تحليل التكلفة والسعر'!$B$2:$B$700,0))>=AVERAGEIFS('تحليل التكلفة والسعر'!$H$2:$H$700,'تحليل التكلفة والسعر'!$A$2:$A$700,$A28,'تحليل التكلفة والسعر'!$C$2:$C$700,">0")),"⭐ نجم",IF(AND($E28>=AVERAGEIFS($E$5:$E$175,$A$5:$A$175,$A28,$E$5:$E$175,">0"),INDEX('تحليل التكلفة والسعر'!$H$2:$H$700,MATCH("فطيرة سدق حجم اكبر",'تحليل التكلفة والسعر'!$B$2:$B$700,0))<AVERAGEIFS('تحليل التكلفة والسعر'!$H$2:$H$700,'تحليل التكلفة والسعر'!$A$2:$A$700,$A28,'تحليل التكلفة والسعر'!$C$2:$C$700,">0")),"🐎 حصان عمل",IF(AND($E28<AVERAGEIFS($E$5:$E$175,$A$5:$A$175,$A28,$E$5:$E$175,">0"),INDEX('تحليل التكلفة والسعر'!$H$2:$H$700,MATCH("فطيرة سدق حجم اكبر",'تحليل التكلفة والسعر'!$B$2:$B$700,0))>=AVERAGEIFS('تحليل التكلفة والسعر'!$H$2:$H$700,'تحليل التكلفة والسعر'!$A$2:$A$700,$A28,'تحليل التكلفة والسعر'!$C$2:$C$700,">0")),"🧩 لغز","🐶 كلب")))) -> 🐶 كلب | G28: 25 | H28: =IF(OR(NOT(INDEX('تحليل التكلفة والسعر'!$C$2:$C$700,MATCH("فطيرة سدق حجم اكبر",'تحليل التكلفة والسعر'!$B$2:$B$700,0))>0),$G28=0),"بيانات غير كافية",IF(AND($G28>=AVERAGEIFS($G$5:$G$175,$A$5:$A$175,$A28,$G$5:$G$175,">0"),INDEX('تحليل التكلفة والسعر'!$H$2:$H$700,MATCH("فطيرة سدق حجم اكبر",'تحليل التكلفة والسعر'!$B$2:$B$700,0))>=AVERAGEIFS('تحليل التكلفة والسعر'!$H$2:$H$700,'تحليل التكلفة والسعر'!$A$2:$A$700,$A28,'تحليل التكلفة والسعر'!$C$2:$C$700,">0")),"⭐ نجم",IF(AND($G28>=AVERAGEIFS($G$5:$G$175,$A$5:$A$175,$A28,$G$5:$G$175,">0"),INDEX('تحليل التكلفة والسعر'!$H$2:$H$700,MATCH("فطيرة سدق حجم اكبر",'تحليل التكلفة والسعر'!$B$2:$B$700,0))<AVERAGEIFS('تحليل التكلفة والسعر'!$H$2:$H$700,'تحليل التكلفة والسعر'!$A$2:$A$700,$A28,'تحليل التكلفة والسعر'!$C$2:$C$700,">0")),"🐎 حصان عمل",IF(AND($G28<AVERAGEIFS($G$5:$G$175,$A$5:$A$175,$A28,$G$5:$G$175,">0"),INDEX('تحليل التكلفة والسعر'!$H$2:$H$700,MATCH("فطيرة سدق حجم اكبر",'تحليل التكلفة والسعر'!$B$2:$B$700,0))>=AVERAGEIFS('تحليل التكلفة والسعر'!$H$2:$H$700,'تحليل التكلفة والسعر'!$A$2:$A$700,$A28,'تحليل التكلفة والسعر'!$C$2:$C$700,">0")),"🧩 لغز","🐶 كلب")))) -> 🐶 كلب
A29: قسم الفطير الحادق | B29: فطيرة بسطرمة وسط | C29: =IFERROR(INDEX('تحليل التكلفة والسعر'!$D$2:$D$700,MATCH("فطيرة بسطرمة وسط",'تحليل التكلفة والسعر'!$B$2:$B$700,0)),"") -> 140 | D29: =IFERROR(INDEX('تحليل التكلفة والسعر'!$I$2:$I$700,MATCH("فطيرة بسطرمة وسط",'تحليل التكلفة والسعر'!$B$2:$B$700,0)),"") -> 0.50551143 | E29: 365 | F29: =IF(OR(NOT(INDEX('تحليل التكلفة والسعر'!$C$2:$C$700,MATCH("فطيرة بسطرمة وسط",'تحليل التكلفة والسعر'!$B$2:$B$700,0))>0),$E29=0),"بيانات غير كافية",IF(AND($E29>=AVERAGEIFS($E$5:$E$175,$A$5:$A$175,$A29,$E$5:$E$175,">0"),INDEX('تحليل التكلفة والسعر'!$H$2:$H$700,MATCH("فطيرة بسطرمة وسط",'تحليل التكلفة والسعر'!$B$2:$B$700,0))>=AVERAGEIFS('تحليل التكلفة والسعر'!$H$2:$H$700,'تحليل التكلفة والسعر'!$A$2:$A$700,$A29,'تحليل التكلفة والسعر'!$C$2:$C$700,">0")),"⭐ نجم",IF(AND($E29>=AVERAGEIFS($E$5:$E$175,$A$5:$A$175,$A29,$E$5:$E$175,">0"),INDEX('تحليل التكلفة والسعر'!$H$2:$H$700,MATCH("فطيرة بسطرمة وسط",'تحليل التكلفة والسعر'!$B$2:$B$700,0))<AVERAGEIFS('تحليل التكلفة والسعر'!$H$2:$H$700,'تحليل التكلفة والسعر'!$A$2:$A$700,$A29,'تحليل التكلفة والسعر'!$C$2:$C$700,">0")),"🐎 حصان عمل",IF(AND($E29<AVERAGEIFS($E$5:$E$175,$A$5:$A$175,$A29,$E$5:$E$175,">0"),INDEX('تحليل التكلفة والسعر'!$H$2:$H$700,MATCH("فطيرة بسطرمة وسط",'تحليل التكلفة والسعر'!$B$2:$B$700,0))>=AVERAGEIFS('تحليل التكلفة والسعر'!$H$2:$H$700,'تحليل التكلفة والسعر'!$A$2:$A$700,$A29,'تحليل التكلفة والسعر'!$C$2:$C$700,">0")),"🧩 لغز","🐶 كلب")))) -> 🐎 حصان عمل | G29: 89 | H29: =IF(OR(NOT(INDEX('تحليل التكلفة والسعر'!$C$2:$C$700,MATCH("فطيرة بسطرمة وسط",'تحليل التكلفة والسعر'!$B$2:$B$700,0))>0),$G29=0),"بيانات غير كافية",IF(AND($G29>=AVERAGEIFS($G$5:$G$175,$A$5:$A$175,$A29,$G$5:$G$175,">0"),INDEX('تحليل التكلفة والسعر'!$H$2:$H$700,MATCH("فطيرة بسطرمة وسط",'تحليل التكلفة والسعر'!$B$2:$B$700,0))>=AVERAGEIFS('تحليل التكلفة والسعر'!$H$2:$H$700,'تحليل التكلفة والسعر'!$A$2:$A$700,$A29,'تحليل التكلفة والسعر'!$C$2:$C$700,">0")),"⭐ نجم",IF(AND($G29>=AVERAGEIFS($G$5:$G$175,$A$5:$A$175,$A29,$G$5:$G$175,">0"),INDEX('تحليل التكلفة والسعر'!$H$2:$H$700,MATCH("فطيرة بسطرمة وسط",'تحليل التكلفة والسعر'!$B$2:$B$700,0))<AVERAGEIFS('تحليل التكلفة والسعر'!$H$2:$H$700,'تحليل التكلفة والسعر'!$A$2:$A$700,$A29,'تحليل التكلفة والسعر'!$C$2:$C$700,">0")),"🐎 حصان عمل",IF(AND($G29<AVERAGEIFS($G$5:$G$175,$A$5:$A$175,$A29,$G$5:$G$175,">0"),INDEX('تحليل التكلفة والسعر'!$H$2:$H$700,MATCH("فطيرة بسطرمة وسط",'تحليل التكلفة والسعر'!$B$2:$B$700,0))>=AVERAGEIFS('تحليل التكلفة والسعر'!$H$2:$H$700,'تحليل التكلفة والسعر'!$A$2:$A$700,$A29,'تحليل التكلفة والسعر'!$C$2:$C$700,">0")),"🧩 لغز","🐶 كلب")))) -> 🐎 حصان عمل
A30: قسم الفطير الحادق | B30: فطيرة بسطرمة حجم اكبر | C30: =IFERROR(INDEX('تحليل التكلفة والسعر'!$D$2:$D$700,MATCH("فطيرة بسطرمة حجم اكبر",'تحليل التكلفة والسعر'!$B$2:$B$700,0)),"") -> 200 | D30: =IFERROR(INDEX('تحليل التكلفة والسعر'!$I$2:$I$700,MATCH("فطيرة بسطرمة حجم اكبر",'تحليل التكلفة والسعر'!$B$2:$B$700,0)),"") -> 0.5338495 | E30: 29 | F30: =IF(OR(NOT(INDEX('تحليل التكلفة والسعر'!$C$2:$C$700,MATCH("فطيرة بسطرمة حجم اكبر",'تحليل التكلفة والسعر'!$B$2:$B$700,0))>0),$E30=0),"بيانات غير كافية",IF(AND($E30>=AVERAGEIFS($E$5:$E$175,$A$5:$A$175,$A30,$E$5:$E$175,">0"),INDEX('تحليل التكلفة والسعر'!$H$2:$H$700,MATCH("فطيرة بسطرمة حجم اكبر",'تحليل التكلفة والسعر'!$B$2:$B$700,0))>=AVERAGEIFS('تحليل التكلفة والسعر'!$H$2:$H$700,'تحليل التكلفة والسعر'!$A$2:$A$700,$A30,'تحليل التكلفة والسعر'!$C$2:$C$700,">0")),"⭐ نجم",IF(AND($E30>=AVERAGEIFS($E$5:$E$175,$A$5:$A$175,$A30,$E$5:$E$175,">0"),INDEX('تحليل التكلفة والسعر'!$H$2:$H$700,MATCH("فطيرة بسطرمة حجم اكبر",'تحليل التكلفة والسعر'!$B$2:$B$700,0))<AVERAGEIFS('تحليل التكلفة والسعر'!$H$2:$H$700,'تحليل التكلفة والسعر'!$A$2:$A$700,$A30,'تحليل التكلفة والسعر'!$C$2:$C$700,">0")),"🐎 حصان عمل",IF(AND($E30<AVERAGEIFS($E$5:$E$175,$A$5:$A$175,$A30,$E$5:$E$175,">0"),INDEX('تحليل التكلفة والسعر'!$H$2:$H$700,MATCH("فطيرة بسطرمة حجم اكبر",'تحليل التكلفة والسعر'!$B$2:$B$700,0))>=AVERAGEIFS('تحليل التكلفة والسعر'!$H$2:$H$700,'تحليل التكلفة والسعر'!$A$2:$A$700,$A30,'تحليل التكلفة والسعر'!$C$2:$C$700,">0")),"🧩 لغز","🐶 كلب")))) -> 🧩 لغز | G30: 14 | H30: =IF(OR(NOT(INDEX('تحليل التكلفة والسعر'!$C$2:$C$700,MATCH("فطيرة بسطرمة حجم اكبر",'تحليل التكلفة والسعر'!$B$2:$B$700,0))>0),$G30=0),"بيانات غير كافية",IF(AND($G30>=AVERAGEIFS($G$5:$G$175,$A$5:$A$175,$A30,$G$5:$G$175,">0"),INDEX('تحليل التكلفة والسعر'!$H$2:$H$700,MATCH("فطيرة بسطرمة حجم اكبر",'تحليل التكلفة والسعر'!$B$2:$B$700,0))>=AVERAGEIFS('تحليل التكلفة والسعر'!$H$2:$H$700,'تحليل التكلفة والسعر'!$A$2:$A$700,$A30,'تحليل التكلفة والسعر'!$C$2:$C$700,">0")),"⭐ نجم",IF(AND($G30>=AVERAGEIFS($G$5:$G$175,$A$5:$A$175,$A30,$G$5:$G$175,">0"),INDEX('تحليل التكلفة والسعر'!$H$2:$H$700,MATCH("فطيرة بسطرمة حجم اكبر",'تحليل التكلفة والسعر'!$B$2:$B$700,0))<AVERAGEIFS('تحليل التكلفة والسعر'!$H$2:$H$700,'تحليل التكلفة والسعر'!$A$2:$A$700,$A30,'تحليل التكلفة والسعر'!$C$2:$C$700,">0")),"🐎 حصان عمل",IF(AND($G30<AVERAGEIFS($G$5:$G$175,$A$5:$A$175,$A30,$G$5:$G$175,">0"),INDEX('تحليل التكلفة والسعر'!$H$2:$H$700,MATCH("فطيرة بسطرمة حجم اكبر",'تحليل التكلفة والسعر'!$B$2:$B$700,0))>=AVERAGEIFS('تحليل التكلفة والسعر'!$H$2:$H$700,'تحليل التكلفة والسعر'!$A$2:$A$700,$A30,'تحليل التكلفة والسعر'!$C$2:$C$700,">0")),"🧩 لغز","🐶 كلب")))) -> 🧩 لغز
A31: قسم الفطير الحادق | B31: فطيرة ميكس بسطرمة وسدق بالكيري وسط | C31: =IFERROR(INDEX('تحليل التكلفة والسعر'!$D$2:$D$700,MATCH("فطيرة ميكس بسطرمة وسدق بالكيري وسط",'تحليل التكلفة والسعر'!$B$2:$B$700,0)),"") -> 210 | D31: =IFERROR(INDEX('تحليل التكلفة والسعر'!$I$2:$I$700,MATCH("فطيرة ميكس بسطرمة وسدق بالكيري وسط",'تحليل التكلفة والسعر'!$B$2:$B$700,0)),"") -> 0.44176952 | E31: 65 | F31: =IF(OR(NOT(INDEX('تحليل التكلفة والسعر'!$C$2:$C$700,MATCH("فطيرة ميكس بسطرمة وسدق بالكيري وسط",'تحليل التكلفة والسعر'!$B$2:$B$700,0))>0),$E31=0),"بيانات غير كافية",IF(AND($E31>=AVERAGEIFS($E$5:$E$175,$A$5:$A$175,$A31,$E$5:$E$175,">0"),INDEX('تحليل التكلفة والسعر'!$H$2:$H$700,MATCH("فطيرة ميكس بسطرمة وسدق بالكيري وسط",'تحليل التكلفة والسعر'!$B$2:$B$700,0))>=AVERAGEIFS('تحليل التكلفة والسعر'!$H$2:$H$700,'تحليل التكلفة والسعر'!$A$2:$A$700,$A31,'تحليل التكلفة والسعر'!$C$2:$C$700,">0")),"⭐ نجم",IF(AND($E31>=AVERAGEIFS($E$5:$E$175,$A$5:$A$175,$A31,$E$5:$E$175,">0"),INDEX('تحليل التكلفة والسعر'!$H$2:$H$700,MATCH("فطيرة ميكس بسطرمة وسدق بالكيري وسط",'تحليل التكلفة والسعر'!$B$2:$B$700,0))<AVERAGEIFS('تحليل التكلفة والسعر'!$H$2:$H$700,'تحليل التكلفة والسعر'!$A$2:$A$700,$A31,'تحليل التكلفة والسعر'!$C$2:$C$700,">0")),"🐎 حصان عمل",IF(AND($E31<AVERAGEIFS($E$5:$E$175,$A$5:$A$175,$A31,$E$5:$E$175,">0"),INDEX('تحليل التكلفة والسعر'!$H$2:$H$700,MATCH("فطيرة ميكس بسطرمة وسدق بالكيري وسط",'تحليل التكلفة والسعر'!$B$2:$B$700,0))>=AVERAGEIFS('تحليل التكلفة والسعر'!$H$2:$H$700,'تحليل التكلفة والسعر'!$A$2:$A$700,$A31,'تحليل التكلفة والسعر'!$C$2:$C$700,">0")),"🧩 لغز","🐶 كلب")))) -> 🐶 كلب | G31: 40 | H31: =IF(OR(NOT(INDEX('تحليل التكلفة والسعر'!$C$2:$C$700,MATCH("فطيرة ميكس بسطرمة وسدق بالكيري وسط",'تحليل التكلفة والسعر'!$B$2:$B$700,0))>0),$G31=0),"بيانات غير كافية",IF(AND($G31>=AVERAGEIFS($G$5:$G$175,$A$5:$A$175,$A31,$G$5:$G$175,">0"),INDEX('تحليل التكلفة والسعر'!$H$2:$H$700,MATCH("فطيرة ميكس بسطرمة وسدق بالكيري وسط",'تحليل التكلفة والسعر'!$B$2:$B$700,0))>=AVERAGEIFS('تحليل التكلفة والسعر'!$H$2:$H$700,'تحليل التكلفة والسعر'!$A$2:$A$700,$A31,'تحليل التكلفة والسعر'!$C$2:$C$700,">0")),"⭐ نجم",IF(AND($G31>=AVERAGEIFS($G$5:$G$175,$A$5:$A$175,$A31,$G$5:$G$175,">0"),INDEX('تحليل التكلفة والسعر'!$H$2:$H$700,MATCH("فطيرة ميكس بسطرمة وسدق بالكيري وسط",'تحليل التكلفة والسعر'!$B$2:$B$700,0))<AVERAGEIFS('تحليل التكلفة والسعر'!$H$2:$H$700,'تحليل التكلفة والسعر'!$A$2:$A$700,$A31,'تحليل التكلفة والسعر'!$C$2:$C$700,">0")),"🐎 حصان عمل",IF(AND($G31<AVERAGEIFS($G$5:$G$175,$A$5:$A$175,$A31,$G$5:$G$175,">0"),INDEX('تحليل التكلفة والسعر'!$H$2:$H$700,MATCH("فطيرة ميكس بسطرمة وسدق بالكيري وسط",'تحليل التكلفة والسعر'!$B$2:$B$700,0))>=AVERAGEIFS('تحليل التكلفة والسعر'!$H$2:$H$700,'تحليل التكلفة والسعر'!$A$2:$A$700,$A31,'تحليل التكلفة والسعر'!$C$2:$C$700,">0")),"🧩 لغز","🐶 كلب")))) -> 🐎 حصان عمل
A32: قسم الفطير الحادق | B32: فطيرة ميكس بسطرمة وسدق بالكيري حجم اكبر | C32: =IFERROR(INDEX('تحليل التكلفة والسعر'!$D$2:$D$700,MATCH("فطيرة ميكس بسطرمة وسدق بالكيري حجم اكبر",'تحليل التكلفة والسعر'!$B$2:$B$700,0)),"") -> 330 | D32: =IFERROR(INDEX('تحليل التكلفة والسعر'!$I$2:$I$700,MATCH("فطيرة ميكس بسطرمة وسدق بالكيري حجم اكبر",'تحليل التكلفة والسعر'!$B$2:$B$700,0)),"") -> 0.51748455 | E32: 10 | F32: =IF(OR(NOT(INDEX('تحليل التكلفة والسعر'!$C$2:$C$700,MATCH("فطيرة ميكس بسطرمة وسدق بالكيري حجم اكبر",'تحليل التكلفة والسعر'!$B$2:$B$700,0))>0),$E32=0),"بيانات غير كافية",IF(AND($E32>=AVERAGEIFS($E$5:$E$175,$A$5:$A$175,$A32,$E$5:$E$175,">0"),INDEX('تحليل التكلفة والسعر'!$H$2:$H$700,MATCH("فطيرة ميكس بسطرمة وسدق بالكيري حجم اكبر",'تحليل التكلفة والسعر'!$B$2:$B$700,0))>=AVERAGEIFS('تحليل التكلفة والسعر'!$H$2:$H$700,'تحليل التكلفة والسعر'!$A$2:$A$700,$A32,'تحليل التكلفة والسعر'!$C$2:$C$700,">0")),"⭐ نجم",IF(AND($E32>=AVERAGEIFS($E$5:$E$175,$A$5:$A$175,$A32,$E$5:$E$175,">0"),INDEX('تحليل التكلفة والسعر'!$H$2:$H$700,MATCH("فطيرة ميكس بسطرمة وسدق بالكيري حجم اكبر",'تحليل التكلفة والسعر'!$B$2:$B$700,0))<AVERAGEIFS('تحليل التكلفة والسعر'!$H$2:$H$700,'تحليل التكلفة والسعر'!$A$2:$A$700,$A32,'تحليل التكلفة والسعر'!$C$2:$C$700,">0")),"🐎 حصان عمل",IF(AND($E32<AVERAGEIFS($E$5:$E$175,$A$5:$A$175,$A32,$E$5:$E$175,">0"),INDEX('تحليل التكلفة والسعر'!$H$2:$H$700,MATCH("فطيرة ميكس بسطرمة وسدق بالكيري حجم اكبر",'تحليل التكلفة والسعر'!$B$2:$B$700,0))>=AVERAGEIFS('تحليل التكلفة والسعر'!$H$2:$H$700,'تحليل التكلفة والسعر'!$A$2:$A$700,$A32,'تحليل التكلفة والسعر'!$C$2:$C$700,">0")),"🧩 لغز","🐶 كلب")))) -> 🧩 لغز | G32: 9 | H32: =IF(OR(NOT(INDEX('تحليل التكلفة والسعر'!$C$2:$C$700,MATCH("فطيرة ميكس بسطرمة وسدق بالكيري حجم اكبر",'تحليل التكلفة والسعر'!$B$2:$B$700,0))>0),$G32=0),"بيانات غير كافية",IF(AND($G32>=AVERAGEIFS($G$5:$G$175,$A$5:$A$175,$A32,$G$5:$G$175,">0"),INDEX('تحليل التكلفة والسعر'!$H$2:$H$700,MATCH("فطيرة ميكس بسطرمة وسدق بالكيري حجم اكبر",'تحليل التكلفة والسعر'!$B$2:$B$700,0))>=AVERAGEIFS('تحليل التكلفة والسعر'!$H$2:$H$700,'تحليل التكلفة والسعر'!$A$2:$A$700,$A32,'تحليل التكلفة والسعر'!$C$2:$C$700,">0")),"⭐ نجم",IF(AND($G32>=AVERAGEIFS($G$5:$G$175,$A$5:$A$175,$A32,$G$5:$G$175,">0"),INDEX('تحليل التكلفة والسعر'!$H$2:$H$700,MATCH("فطيرة ميكس بسطرمة وسدق بالكيري حجم اكبر",'تحليل التكلفة والسعر'!$B$2:$B$700,0))<AVERAGEIFS('تحليل التكلفة والسعر'!$H$2:$H$700,'تحليل التكلفة والسعر'!$A$2:$A$700,$A32,'تحليل التكلفة والسعر'!$C$2:$C$700,">0")),"🐎 حصان عمل",IF(AND($G32<AVERAGEIFS($G$5:$G$175,$A$5:$A$175,$A32,$G$5:$G$175,">0"),INDEX('تحليل التكلفة والسعر'!$H$2:$H$700,MATCH("فطيرة ميكس بسطرمة وسدق بالكيري حجم اكبر",'تحليل التكلفة والسعر'!$B$2:$B$700,0))>=AVERAGEIFS('تحليل التكلفة والسعر'!$H$2:$H$700,'تحليل التكلفة والسعر'!$A$2:$A$700,$A32,'تحليل التكلفة والسعر'!$C$2:$C$700,">0")),"🧩 لغز","🐶 كلب")))) -> 🧩 لغز
A33: قسم الفطير الحادق | B33: فطيرة مشكل جبن وسط | C33: =IFERROR(INDEX('تحليل التكلفة والسعر'!$D$2:$D$700,MATCH("فطيرة مشكل جبن وسط",'تحليل التكلفة والسعر'!$B$2:$B$700,0)),"") -> 145 | D33: =IFERROR(INDEX('تحليل التكلفة والسعر'!$I$2:$I$700,MATCH("فطيرة مشكل جبن وسط",'تحليل التكلفة والسعر'!$B$2:$B$700,0)),"") -> 0.44842483 | E33: 65 | F33: =IF(OR(NOT(INDEX('تحليل التكلفة والسعر'!$C$2:$C$700,MATCH("فطيرة مشكل جبن وسط",'تحليل التكلفة والسعر'!$B$2:$B$700,0))>0),$E33=0),"بيانات غير كافية",IF(AND($E33>=AVERAGEIFS($E$5:$E$175,$A$5:$A$175,$A33,$E$5:$E$175,">0"),INDEX('تحليل التكلفة والسعر'!$H$2:$H$700,MATCH("فطيرة مشكل جبن وسط",'تحليل التكلفة والسعر'!$B$2:$B$700,0))>=AVERAGEIFS('تحليل التكلفة والسعر'!$H$2:$H$700,'تحليل التكلفة والسعر'!$A$2:$A$700,$A33,'تحليل التكلفة والسعر'!$C$2:$C$700,">0")),"⭐ نجم",IF(AND($E33>=AVERAGEIFS($E$5:$E$175,$A$5:$A$175,$A33,$E$5:$E$175,">0"),INDEX('تحليل التكلفة والسعر'!$H$2:$H$700,MATCH("فطيرة مشكل جبن وسط",'تحليل التكلفة والسعر'!$B$2:$B$700,0))<AVERAGEIFS('تحليل التكلفة والسعر'!$H$2:$H$700,'تحليل التكلفة والسعر'!$A$2:$A$700,$A33,'تحليل التكلفة والسعر'!$C$2:$C$700,">0")),"🐎 حصان عمل",IF(AND($E33<AVERAGEIFS($E$5:$E$175,$A$5:$A$175,$A33,$E$5:$E$175,">0"),INDEX('تحليل التكلفة والسعر'!$H$2:$H$700,MATCH("فطيرة مشكل جبن وسط",'تحليل التكلفة والسعر'!$B$2:$B$700,0))>=AVERAGEIFS('تحليل التكلفة والسعر'!$H$2:$H$700,'تحليل التكلفة والسعر'!$A$2:$A$700,$A33,'تحليل التكلفة والسعر'!$C$2:$C$700,">0")),"🧩 لغز","🐶 كلب")))) -> 🐶 كلب | G33: 37 | H33: =IF(OR(NOT(INDEX('تحليل التكلفة والسعر'!$C$2:$C$700,MATCH("فطيرة مشكل جبن وسط",'تحليل التكلفة والسعر'!$B$2:$B$700,0))>0),$G33=0),"بيانات غير كافية",IF(AND($G33>=AVERAGEIFS($G$5:$G$175,$A$5:$A$175,$A33,$G$5:$G$175,">0"),INDEX('تحليل التكلفة والسعر'!$H$2:$H$700,MATCH("فطيرة مشكل جبن وسط",'تحليل التكلفة والسعر'!$B$2:$B$700,0))>=AVERAGEIFS('تحليل التكلفة والسعر'!$H$2:$H$700,'تحليل التكلفة والسعر'!$A$2:$A$700,$A33,'تحليل التكلفة والسعر'!$C$2:$C$700,">0")),"⭐ نجم",IF(AND($G33>=AVERAGEIFS($G$5:$G$175,$A$5:$A$175,$A33,$G$5:$G$175,">0"),INDEX('تحليل التكلفة والسعر'!$H$2:$H$700,MATCH("فطيرة مشكل جبن وسط",'تحليل التكلفة والسعر'!$B$2:$B$700,0))<AVERAGEIFS('تحليل التكلفة والسعر'!$H$2:$H$700,'تحليل التكلفة والسعر'!$A$2:$A$700,$A33,'تحليل التكلفة والسعر'!$C$2:$C$700,">0")),"🐎 حصان عمل",IF(AND($G33<AVERAGEIFS($G$5:$G$175,$A$5:$A$175,$A33,$G$5:$G$175,">0"),INDEX('تحليل التكلفة والسعر'!$H$2:$H$700,MATCH("فطيرة مشكل جبن وسط",'تحليل التكلفة والسعر'!$B$2:$B$700,0))>=AVERAGEIFS('تحليل التكلفة والسعر'!$H$2:$H$700,'تحليل التكلفة والسعر'!$A$2:$A$700,$A33,'تحليل التكلفة والسعر'!$C$2:$C$700,">0")),"🧩 لغز","🐶 كلب")))) -> 🐎 حصان عمل
A34: قسم الفطير الحادق | B34: فطيرة مشكل جبن حجم اكبر | C34: =IFERROR(INDEX('تحليل التكلفة والسعر'!$D$2:$D$700,MATCH("فطيرة مشكل جبن حجم اكبر",'تحليل التكلفة والسعر'!$B$2:$B$700,0)),"") -> 210 | D34: =IFERROR(INDEX('تحليل التكلفة والسعر'!$I$2:$I$700,MATCH("فطيرة مشكل جبن حجم اكبر",'تحليل التكلفة والسعر'!$B$2:$B$700,0)),"") -> 0.45446 | E34: 19 | F34: =IF(OR(NOT(INDEX('تحليل التكلفة والسعر'!$C$2:$C$700,MATCH("فطيرة مشكل جبن حجم اكبر",'تحليل التكلفة والسعر'!$B$2:$B$700,0))>0),$E34=0),"بيانات غير كافية",IF(AND($E34>=AVERAGEIFS($E$5:$E$175,$A$5:$A$175,$A34,$E$5:$E$175,">0"),INDEX('تحليل التكلفة والسعر'!$H$2:$H$700,MATCH("فطيرة مشكل جبن حجم اكبر",'تحليل التكلفة والسعر'!$B$2:$B$700,0))>=AVERAGEIFS('تحليل التكلفة والسعر'!$H$2:$H$700,'تحليل التكلفة والسعر'!$A$2:$A$700,$A34,'تحليل التكلفة والسعر'!$C$2:$C$700,">0")),"⭐ نجم",IF(AND($E34>=AVERAGEIFS($E$5:$E$175,$A$5:$A$175,$A34,$E$5:$E$175,">0"),INDEX('تحليل التكلفة والسعر'!$H$2:$H$700,MATCH("فطيرة مشكل جبن حجم اكبر",'تحليل التكلفة والسعر'!$B$2:$B$700,0))<AVERAGEIFS('تحليل التكلفة والسعر'!$H$2:$H$700,'تحليل التكلفة والسعر'!$A$2:$A$700,$A34,'تحليل التكلفة والسعر'!$C$2:$C$700,">0")),"🐎 حصان عمل",IF(AND($E34<AVERAGEIFS($E$5:$E$175,$A$5:$A$175,$A34,$E$5:$E$175,">0"),INDEX('تحليل التكلفة والسعر'!$H$2:$H$700,MATCH("فطيرة مشكل جبن حجم اكبر",'تحليل التكلفة والسعر'!$B$2:$B$700,0))>=AVERAGEIFS('تحليل التكلفة والسعر'!$H$2:$H$700,'تحليل التكلفة والسعر'!$A$2:$A$700,$A34,'تحليل التكلفة والسعر'!$C$2:$C$700,">0")),"🧩 لغز","🐶 كلب")))) -> 🐶 كلب | G34: 4 | H34: =IF(OR(NOT(INDEX('تحليل التكلفة والسعر'!$C$2:$C$700,MATCH("فطيرة مشكل جبن حجم اكبر",'تحليل التكلفة والسعر'!$B$2:$B$700,0))>0),$G34=0),"بيانات غير كافية",IF(AND($G34>=AVERAGEIFS($G$5:$G$175,$A$5:$A$175,$A34,$G$5:$G$175,">0"),INDEX('تحليل التكلفة والسعر'!$H$2:$H$700,MATCH("فطيرة مشكل جبن حجم اكبر",'تحليل التكلفة والسعر'!$B$2:$B$700,0))>=AVERAGEIFS('تحليل التكلفة والسعر'!$H$2:$H$700,'تحليل التكلفة والسعر'!$A$2:$A$700,$A34,'تحليل التكلفة والسعر'!$C$2:$C$700,">0")),"⭐ نجم",IF(AND($G34>=AVERAGEIFS($G$5:$G$175,$A$5:$A$175,$A34,$G$5:$G$175,">0"),INDEX('تحليل التكلفة والسعر'!$H$2:$H$700,MATCH("فطيرة مشكل جبن حجم اكبر",'تحليل التكلفة والسعر'!$B$2:$B$700,0))<AVERAGEIFS('تحليل التكلفة والسعر'!$H$2:$H$700,'تحليل التكلفة والسعر'!$A$2:$A$700,$A34,'تحليل التكلفة والسعر'!$C$2:$C$700,">0")),"🐎 حصان عمل",IF(AND($G34<AVERAGEIFS($G$5:$G$175,$A$5:$A$175,$A34,$G$5:$G$175,">0"),INDEX('تحليل التكلفة والسعر'!$H$2:$H$700,MATCH("فطيرة مشكل جبن حجم اكبر",'تحليل التكلفة والسعر'!$B$2:$B$700,0))>=AVERAGEIFS('تحليل التكلفة والسعر'!$H$2:$H$700,'تحليل التكلفة والسعر'!$A$2:$A$700,$A34,'تحليل التكلفة والسعر'!$C$2:$C$700,">0")),"🧩 لغز","🐶 كلب")))) -> 🐶 كلب
A35: قسم الفطير الحادق | B35: فطيرة فراخ رانش وسط | C35: =IFERROR(INDEX('تحليل التكلفة والسعر'!$D$2:$D$700,MATCH("فطيرة فراخ رانش وسط",'تحليل التكلفة والسعر'!$B$2:$B$700,0)),"") -> 160 | D35: =IFERROR(INDEX('تحليل التكلفة والسعر'!$I$2:$I$700,MATCH("فطيرة فراخ رانش وسط",'تحليل التكلفة والسعر'!$B$2:$B$700,0)),"") -> 0.50806 | E35: 51 | F35: =IF(OR(NOT(INDEX('تحليل التكلفة والسعر'!$C$2:$C$700,MATCH("فطيرة فراخ رانش وسط",'تحليل التكلفة والسعر'!$B$2:$B$700,0))>0),$E35=0),"بيانات غير كافية",IF(AND($E35>=AVERAGEIFS($E$5:$E$175,$A$5:$A$175,$A35,$E$5:$E$175,">0"),INDEX('تحليل التكلفة والسعر'!$H$2:$H$700,MATCH("فطيرة فراخ رانش وسط",'تحليل التكلفة والسعر'!$B$2:$B$700,0))>=AVERAGEIFS('تحليل التكلفة والسعر'!$H$2:$H$700,'تحليل التكلفة والسعر'!$A$2:$A$700,$A35,'تحليل التكلفة والسعر'!$C$2:$C$700,">0")),"⭐ نجم",IF(AND($E35>=AVERAGEIFS($E$5:$E$175,$A$5:$A$175,$A35,$E$5:$E$175,">0"),INDEX('تحليل التكلفة والسعر'!$H$2:$H$700,MATCH("فطيرة فراخ رانش وسط",'تحليل التكلفة والسعر'!$B$2:$B$700,0))<AVERAGEIFS('تحليل التكلفة والسعر'!$H$2:$H$700,'تحليل التكلفة والسعر'!$A$2:$A$700,$A35,'تحليل التكلفة والسعر'!$C$2:$C$700,">0")),"🐎 حصان عمل",IF(AND($E35<AVERAGEIFS($E$5:$E$175,$A$5:$A$175,$A35,$E$5:$E$175,">0"),INDEX('تحليل التكلفة والسعر'!$H$2:$H$700,MATCH("فطيرة فراخ رانش وسط",'تحليل التكلفة والسعر'!$B$2:$B$700,0))>=AVERAGEIFS('تحليل التكلفة والسعر'!$H$2:$H$700,'تحليل التكلفة والسعر'!$A$2:$A$700,$A35,'تحليل التكلفة والسعر'!$C$2:$C$700,">0")),"🧩 لغز","🐶 كلب")))) -> 🐶 كلب | G35: 13 | H35: =IF(OR(NOT(INDEX('تحليل التكلفة والسعر'!$C$2:$C$700,MATCH("فطيرة فراخ رانش وسط",'تحليل التكلفة والسعر'!$B$2:$B$700,0))>0),$G35=0),"بيانات غير كافية",IF(AND($G35>=AVERAGEIFS($G$5:$G$175,$A$5:$A$175,$A35,$G$5:$G$175,">0"),INDEX('تحليل التكلفة والسعر'!$H$2:$H$700,MATCH("فطيرة فراخ رانش وسط",'تحليل التكلفة والسعر'!$B$2:$B$700,0))>=AVERAGEIFS('تحليل التكلفة والسعر'!$H$2:$H$700,'تحليل التكلفة والسعر'!$A$2:$A$700,$A35,'تحليل التكلفة والسعر'!$C$2:$C$700,">0")),"⭐ نجم",IF(AND($G35>=AVERAGEIFS($G$5:$G$175,$A$5:$A$175,$A35,$G$5:$G$175,">0"),INDEX('تحليل التكلفة والسعر'!$H$2:$H$700,MATCH("فطيرة فراخ رانش وسط",'تحليل التكلفة والسعر'!$B$2:$B$700,0))<AVERAGEIFS('تحليل التكلفة والسعر'!$H$2:$H$700,'تحليل التكلفة والسعر'!$A$2:$A$700,$A35,'تحليل التكلفة والسعر'!$C$2:$C$700,">0")),"🐎 حصان عمل",IF(AND($G35<AVERAGEIFS($G$5:$G$175,$A$5:$A$175,$A35,$G$5:$G$175,">0"),INDEX('تحليل التكلفة والسعر'!$H$2:$H$700,MATCH("فطيرة فراخ رانش وسط",'تحليل التكلفة والسعر'!$B$2:$B$700,0))>=AVERAGEIFS('تحليل التكلفة والسعر'!$H$2:$H$700,'تحليل التكلفة والسعر'!$A$2:$A$700,$A35,'تحليل التكلفة والسعر'!$C$2:$C$700,">0")),"🧩 لغز","🐶 كلب")))) -> 🐶 كلب
